device_id,manufacturer_date,car_price_lakhs,weather,user_age,driver_score,yearly_premium_rupees
dev_00001,2004-03-28,6.96,rain,28,62,30276
dev_00002,2019-04-24,2.61,fog,75,16,11314
dev_00003,2007-10-11,7.44,rain,48,51,31360
dev_00004,2012-12-17,4.57,fog,25,67,19742
dev_00005,2018-05-27,7.32,fog,37,94,27340
dev_00006,2001-05-05,2.29,fog,41,66,9378
dev_00007,2019-05-17,6.46,fog,32,4,33334
dev_00008,2010-07-08,4.21,rain,25,92,16608
dev_00009,2020-11-06,7.9,fog,22,76,33417
dev_00010,2014-01-01,5.79,rain,22,69,25100
dev_00011,2011-05-17,7.49,snow,57,48,30896
dev_00012,2012-04-18,1.66,sunny,25,0,8840
dev_00013,2007-05-26,2.76,snow,60,28,12089
dev_00014,2001-06-19,8.75,fog,56,70,33338
dev_00015,2021-10-13,4.88,fog,79,16,20862
dev_00016,2000-10-09,1.57,snow,76,42,6170
dev_00017,2001-05-28,6.7,rain,53,78,25025
dev_00018,2024-05-04,3.67,rain,25,37,17506
dev_00019,2005-07-11,9.8,snow,44,21,46305
dev_00020,2000-11-02,9.34,snow,78,52,35025
dev_00021,2010-05-16,7.35,sunny,33,29,35060
dev_00022,2003-10-12,6.56,fog,34,80,26174
dev_00023,2015-07-11,1.52,snow,69,80,5267
dev_00024,2003-03-24,2.34,snow,76,28,9688
dev_00025,2008-04-23,1.76,sunny,29,50,7946
dev_00026,2008-08-28,4.08,snow,60,67,15484
dev_00027,2006-06-30,7.85,fog,49,87,28731
dev_00028,2015-12-01,3.01,rain,70,97,9617
dev_00029,2008-05-20,8.71,fog,44,99,30964
dev_00030,2011-10-11,5.78,snow,60,84,20461
dev_00031,2021-04-24,4.69,rain,23,18,23849
dev_00032,2001-01-05,4.74,sunny,46,3,23534
dev_00033,2021-03-03,7.5,snow,72,82,25425
dev_00034,2023-08-21,7.54,snow,42,87,28388
dev_00035,2023-01-05,3.72,fog,80,96,11383
dev_00036,2015-11-28,3.91,snow,31,24,19061
dev_00037,2015-12-30,6.65,sunny,32,1,34613
dev_00038,2023-03-26,7.23,rain,51,44,30908
dev_00039,2015-02-08,5.8,sunny,19,98,22881
dev_00040,2016-06-18,7.3,snow,66,5,33836
dev_00041,2002-12-06,7.21,snow,28,82,29201
dev_00042,2000-10-13,7.69,snow,31,75,31606
dev_00043,2003-01-14,2.02,rain,55,8,9605
dev_00044,2002-11-01,1.81,rain,28,88,7168
dev_00045,2005-03-22,9.54,rain,72,87,31625
dev_00046,2012-03-04,7.18,fog,71,66,26171
dev_00047,2011-06-12,5.58,fog,70,75,19670
dev_00048,2014-04-11,9.29,rain,69,23,40133
dev_00049,2010-12-25,9.21,snow,25,34,44346
dev_00050,2003-08-18,7.1,rain,58,29,31204
dev_00051,2014-09-05,2.7,snow,59,96,9112
dev_00052,2022-08-29,6.68,snow,69,70,24148
dev_00053,2001-08-08,9.53,fog,27,98,36452
dev_00054,2023-07-22,5.31,fog,40,78,20868
dev_00055,2007-11-20,5.03,rain,53,10,23918
dev_00056,2019-09-01,6.51,fog,23,95,25584
dev_00057,2005-03-22,9.88,sunny,23,80,41051
dev_00058,2006-12-23,2.44,rain,56,100,8198
dev_00059,2014-11-11,1.65,rain,67,39,6781
dev_00060,2025-01-06,7.73,snow,32,5,39771
dev_00061,2006-03-27,2.43,snow,78,10,10643
dev_00062,2006-07-24,6.43,sunny,34,43,29224
dev_00063,2015-03-18,9.24,rain,29,16,46431
dev_00064,2006-09-30,2.51,fog,49,98,8772
dev_00065,2005-09-27,1.62,snow,42,52,6950
dev_00066,2002-07-23,2.73,fog,80,58,9910
dev_00067,2021-09-20,4.61,fog,28,88,18256
dev_00068,2012-01-13,5.37,rain,75,56,20057
dev_00069,2014-10-05,9.11,fog,67,2,42498
dev_00070,2000-10-24,9.49,fog,77,36,38007
dev_00071,2015-05-12,7.14,rain,19,98,28167
dev_00072,2004-11-17,6.19,rain,64,98,20241
dev_00073,2020-09-30,3.82,snow,38,63,15987
dev_00074,2021-04-06,6.01,snow,76,69,21185
dev_00075,2004-03-04,6.74,snow,23,26,33464
dev_00076,2003-09-01,7.39,sunny,30,54,32812
dev_00077,2017-10-05,8.67,snow,43,10,42526
dev_00078,2001-06-13,3.48,snow,80,18,14720
dev_00079,2015-09-05,4.52,rain,44,29,20815
dev_00080,2025-04-14,2.52,rain,45,83,9526
dev_00081,2005-11-14,4.22,rain,20,80,17724
dev_00082,2002-10-15,1.61,rain,51,53,6665
dev_00083,2010-06-25,4.49,rain,24,23,22428
dev_00084,2007-06-17,5.8,snow,41,57,24534
dev_00085,2024-05-11,9.85,snow,21,37,47575
dev_00086,2017-08-11,5.02,sunny,35,20,24472
dev_00087,2003-01-17,5.21,sunny,35,58,22429
dev_00088,2016-09-29,2.93,snow,75,90,9449
dev_00089,2024-10-26,6.22,rain,29,40,29016
dev_00090,2008-09-29,8.59,sunny,42,72,34274
dev_00091,2000-03-31,5.0,fog,76,62,18150
dev_00092,2017-10-16,4.53,snow,49,84,16784
dev_00093,2019-11-16,1.58,fog,73,29,6589
dev_00094,2010-06-01,1.7,sunny,20,0,9180
dev_00095,2010-05-05,4.71,sunny,69,9,21336
dev_00096,2011-02-15,2.37,snow,50,39,10345
dev_00097,2000-01-31,1.66,snow,55,57,6673
dev_00098,2002-01-31,7.5,sunny,63,16,33862
dev_00099,2010-02-26,3.7,sunny,79,28,15151
dev_00100,2015-02-19,7.14,snow,77,24,29881
dev_00101,2008-01-06,3.63,sunny,49,91,13068
dev_00102,2011-03-07,8.18,sunny,41,74,32516
dev_00103,2001-09-24,5.52,snow,33,74,22604
dev_00104,2024-10-07,4.7,fog,55,32,20656
dev_00105,2005-10-21,7.99,sunny,61,8,37273
dev_00106,2006-05-11,1.71,snow,44,60,7079
dev_00107,2005-11-17,4.81,snow,26,67,20707
dev_00108,2007-05-29,9.56,fog,27,93,37284
dev_00109,2007-08-10,3.78,snow,73,80,12871
dev_00110,2007-12-13,8.75,snow,53,62,34781
dev_00111,2015-03-17,5.44,sunny,54,65,21298
dev_00112,2006-05-05,1.57,fog,24,71,6712
dev_00113,2021-07-19,9.9,snow,27,0,52421
dev_00114,2011-05-08,7.4,snow,76,61,26973
dev_00115,2007-01-09,8.25,fog,34,42,37620
dev_00116,2008-05-10,6.78,fog,53,68,26340
dev_00117,2024-08-31,1.53,fog,46,27,7046
dev_00118,2016-05-12,8.11,sunny,57,86,28831
dev_00119,2006-02-15,4.74,rain,58,37,20264
dev_00120,2014-03-04,1.98,sunny,53,53,8138
dev_00121,2022-01-10,3.41,fog,74,57,12736
dev_00122,2004-05-20,2.11,sunny,72,19,9147
dev_00123,2008-01-19,4.03,snow,53,51,16684
dev_00124,2019-07-22,9.51,sunny,75,83,31668
dev_00125,2006-02-05,5.95,snow,68,15,26507
dev_00126,2024-10-31,7.05,fog,74,80,23900
dev_00127,2013-11-09,3.33,rain,55,12,15634
dev_00128,2005-04-04,4.41,snow,23,63,19448
dev_00129,2021-02-22,8.4,rain,64,62,32004
dev_00130,2021-08-20,7.43,rain,75,45,28977
dev_00131,2022-06-06,8.46,rain,62,78,30456
dev_00132,2024-07-27,6.77,fog,27,86,27114
dev_00133,2000-12-20,9.07,sunny,30,63,39046
dev_00134,2021-03-29,6.45,fog,40,91,24091
dev_00135,2013-07-29,6.57,snow,24,1,34985
dev_00136,2012-10-30,3.37,sunny,56,46,14053
dev_00137,2022-09-12,5.5,fog,50,43,23677
dev_00138,2017-06-20,4.97,fog,44,66,20128
dev_00139,2009-12-23,2.1,sunny,31,21,10332
dev_00140,2021-11-17,7.06,fog,77,79,23722
dev_00141,2011-01-17,9.36,sunny,75,72,32713
dev_00142,2008-09-17,2.63,rain,42,34,11993
dev_00143,2012-04-02,4.6,fog,28,93,17871
dev_00144,2014-11-23,9.91,snow,60,47,40581
dev_00145,2023-09-12,2.86,fog,67,43,11583
dev_00146,2017-01-11,4.19,fog,44,21,19798
dev_00147,2002-11-07,3.47,snow,41,25,16344
dev_00148,2023-12-25,8.88,fog,53,84,32368
dev_00149,2014-08-25,2.91,snow,64,68,10825
dev_00150,2013-07-07,8.97,fog,39,77,35521
dev_00151,2013-03-17,4.29,rain,54,35,18726
dev_00152,2021-06-12,6.92,fog,40,15,33735
dev_00153,2008-09-15,9.4,fog,64,32,40044
dev_00154,2009-03-28,2.19,fog,75,51,8344
dev_00155,2001-01-30,7.38,fog,69,16,32656
dev_00156,2020-06-24,7.09,sunny,55,30,31373
dev_00157,2000-06-12,7.95,rain,80,55,29216
dev_00158,2001-07-31,5.33,sunny,65,20,23585
dev_00159,2003-10-30,4.26,snow,29,39,19937
dev_00160,2002-01-24,1.64,fog,29,63,7085
dev_00161,2000-04-08,8.98,rain,72,78,30981
dev_00162,2006-07-18,8.29,rain,27,0,43896
dev_00163,2019-12-19,4.25,rain,34,36,19762
dev_00164,2002-01-07,9.64,fog,78,60,34993
dev_00165,2013-11-30,3.02,sunny,48,42,13137
dev_00166,2018-05-22,2.18,rain,77,16,9385
dev_00167,2005-03-01,4.42,sunny,55,72,16774
dev_00168,2022-07-18,9.94,fog,60,21,44581
dev_00169,2017-06-29,6.18,fog,69,40,25122
dev_00170,2006-11-16,6.46,rain,75,27,26938
dev_00171,2011-06-03,6.68,snow,70,81,22946
dev_00172,2019-07-09,4.88,rain,55,63,19178
dev_00173,2002-11-25,8.18,rain,42,74,32393
dev_00174,2017-01-20,2.09,snow,48,29,9499
dev_00175,2007-04-17,7.41,rain,41,44,32789
dev_00176,2018-08-13,8.74,sunny,51,68,34217
dev_00177,2017-11-29,8.51,sunny,72,0,39316
dev_00178,2017-03-02,9.16,rain,37,80,36136
dev_00179,2002-01-25,9.38,snow,19,20,47979
dev_00180,2025-01-13,4.37,sunny,70,29,18420
dev_00181,2013-05-16,7.95,fog,23,92,31601
dev_00182,2019-01-28,5.78,fog,66,92,19247
dev_00183,2021-07-25,9.87,fog,45,68,39529
dev_00184,2007-12-06,4.25,sunny,52,67,16639
dev_00185,2011-08-12,8.65,fog,27,81,35292
dev_00186,2007-03-25,4.13,snow,49,82,15426
dev_00187,2016-02-14,3.29,fog,79,99,9969
dev_00188,2002-08-04,8.15,sunny,26,2,43032
dev_00189,2013-04-13,8.34,snow,57,30,36654
dev_00190,2023-09-18,6.92,sunny,79,6,30621
dev_00191,2022-05-23,7.28,sunny,64,22,32105
dev_00192,2011-11-03,8.21,snow,53,77,30788
dev_00193,2020-05-20,8.55,sunny,77,75,29241
dev_00194,2015-04-10,9.42,snow,50,5,45922
dev_00195,2010-11-08,3.63,fog,72,73,12796
dev_00196,2016-10-12,7.26,sunny,35,16,35828
dev_00197,2006-06-12,5.85,fog,50,37,25711
dev_00198,2017-09-02,1.56,sunny,32,23,7605
dev_00199,2019-01-16,4.52,snow,44,43,19865
dev_00200,2015-06-07,1.93,snow,62,74,7064
dev_00201,2001-11-17,9.91,sunny,54,76,37162
dev_00202,2021-09-24,8.66,fog,21,41,41308
dev_00203,2017-07-18,2.71,snow,78,92,8536
dev_00204,2006-03-02,3.52,sunny,34,80,14045
dev_00205,2016-10-02,2.5,sunny,34,51,11062
dev_00206,2018-01-12,3.37,sunny,38,0,17288
dev_00207,2011-10-11,8.93,snow,56,56,35899
dev_00208,2006-12-20,9.96,sunny,23,68,43177
dev_00209,2012-08-27,2.62,snow,27,49,11947
dev_00210,2019-07-14,8.23,fog,20,96,32591
dev_00211,2020-02-11,6.37,sunny,42,83,24365
dev_00212,2020-02-08,5.01,snow,49,14,23823
dev_00213,2025-01-30,4.71,fog,68,66,17380
dev_00214,2005-01-23,3.02,rain,52,13,14270
dev_00215,2000-12-05,6.25,snow,57,66,24094
dev_00216,2006-05-07,9.85,snow,42,87,37085
dev_00217,2022-08-27,9.29,fog,69,38,38043
dev_00218,2016-09-10,7.45,rain,57,64,28943
dev_00219,2007-03-18,4.17,fog,57,72,15700
dev_00220,2001-06-03,4.64,sunny,35,21,22550
dev_00221,2001-03-06,9.82,rain,55,36,42570
dev_00222,2022-06-12,9.17,sunny,31,72,38101
dev_00223,2019-04-14,2.05,sunny,27,7,10640
dev_00224,2015-03-20,2.76,rain,52,39,11965
dev_00225,2014-08-15,7.83,fog,44,5,38876
dev_00226,2011-03-24,3.43,sunny,41,66,14046
dev_00227,2000-04-25,2.82,rain,48,81,10617
dev_00228,2022-03-03,6.02,rain,70,64,22214
dev_00229,2003-10-12,9.08,sunny,56,21,41269
dev_00230,2006-03-06,2.57,fog,66,28,11025
dev_00231,2000-12-20,2.08,rain,42,67,8455
dev_00232,2000-06-18,2.18,sunny,68,56,8371
dev_00233,2003-09-07,2.37,fog,25,60,10487
dev_00234,2014-05-10,3.85,sunny,22,5,20386
dev_00235,2018-12-08,6.49,sunny,71,99,20443
dev_00236,2022-04-16,8.62,fog,25,64,37626
dev_00237,2004-02-28,8.36,fog,56,95,28717
dev_00238,2021-06-26,2.53,rain,61,10,11727
dev_00239,2017-10-19,5.0,fog,25,21,25050
dev_00240,2018-09-25,5.7,rain,51,13,27018
dev_00241,2003-06-28,2.81,fog,69,79,9779
dev_00242,2017-10-09,8.87,rain,25,80,36589
dev_00243,2021-04-09,7.56,sunny,79,37,29938
dev_00244,2001-10-10,4.32,rain,48,59,17690
dev_00245,2000-09-28,9.73,snow,20,73,41888
dev_00246,2013-12-28,7.47,snow,40,29,34848
dev_00247,2016-01-16,4.27,snow,21,85,17550
dev_00248,2017-06-01,9.07,snow,61,35,38638
dev_00249,2022-06-27,6.24,snow,24,50,28642
dev_00250,2025-04-08,4.32,fog,80,63,15358
dev_00251,2024-06-08,2.05,snow,58,95,6980
dev_00252,2012-03-11,3.68,fog,50,40,16008
dev_00253,2019-01-26,4.51,snow,56,23,20363
dev_00254,2001-03-12,8.17,rain,63,19,36520
dev_00255,2013-02-14,7.72,rain,20,23,39025
dev_00256,2006-01-03,2.66,sunny,37,23,12768
dev_00257,2015-07-03,8.0,fog,21,10,41880
dev_00258,2024-09-25,7.52,fog,51,72,28990
dev_00259,2004-05-15,4.82,snow,80,70,16629
dev_00260,2019-12-09,2.54,rain,67,23,11049
dev_00261,2023-07-11,7.82,rain,54,33,34369
dev_00262,2013-03-30,4.18,snow,62,86,14546
dev_00263,2024-01-15,7.56,sunny,63,99,24721
dev_00264,2010-03-07,2.52,sunny,39,46,11151
dev_00265,2018-06-16,2.79,rain,42,56,11802
dev_00266,2006-02-28,4.56,rain,56,26,20383
dev_00267,2021-03-17,1.57,fog,40,17,7607
dev_00268,2008-08-02,4.71,snow,22,75,19994
dev_00269,2000-07-11,5.01,fog,24,56,22545
dev_00270,2017-07-31,6.33,rain,74,13,27820
dev_00271,2024-04-16,3.89,snow,18,58,17738
dev_00272,2024-07-09,8.48,sunny,39,35,38923
dev_00273,2023-03-07,3.69,rain,48,6,18044
dev_00274,2020-02-23,5.77,fog,47,80,21897
dev_00275,2006-07-20,6.07,snow,57,42,25585
dev_00276,2001-10-03,9.32,rain,50,9,44876
dev_00277,2020-10-15,4.56,snow,36,94,17100
dev_00278,2002-03-03,2.98,fog,28,97,11398
dev_00279,2018-05-16,9.26,snow,76,49,35420
dev_00280,2010-10-20,5.2,fog,80,46,19812
dev_00281,2008-05-02,2.12,rain,34,79,8491
dev_00282,2013-12-19,6.27,rain,32,10,31789
dev_00283,2024-03-20,2.85,rain,31,42,13124
dev_00284,2020-05-15,2.96,rain,63,50,11855
dev_00285,2023-08-15,5.35,snow,71,17,23433
dev_00286,2000-12-01,5.48,snow,64,79,19481
dev_00287,2023-04-19,6.54,rain,70,12,29234
dev_00288,2005-03-28,4.07,rain,78,93,12759
dev_00289,2004-04-29,2.28,snow,32,51,10157
dev_00290,2021-03-14,3.18,fog,35,10,15980
dev_00291,2008-07-25,8.44,snow,79,6,37347
dev_00292,2023-03-04,8.57,rain,77,39,33937
dev_00293,2023-12-18,5.02,snow,25,52,22816
dev_00294,2022-07-28,4.2,snow,53,80,15561
dev_00295,2012-10-05,2.66,sunny,72,68,9576
dev_00296,2004-07-25,8.43,rain,63,67,31612
dev_00297,2010-11-19,7.1,rain,35,7,35997
dev_00298,2019-01-29,4.43,fog,51,76,16812
dev_00299,2015-02-02,3.53,fog,45,45,15356
dev_00300,2024-07-09,9.67,snow,44,97,34667
dev_00301,2022-10-20,5.19,fog,80,42,20085
dev_00302,2015-10-08,5.18,sunny,59,95,17560
dev_00303,2003-12-10,2.76,fog,63,92,9315
dev_00304,2017-12-01,7.38,sunny,31,6,37970
dev_00305,2019-08-09,9.75,rain,46,43,42559
dev_00306,2014-11-25,6.19,fog,18,39,29991
dev_00307,2015-07-16,1.9,rain,36,38,8721
dev_00308,2011-05-05,7.78,rain,63,96,25791
dev_00309,2006-02-02,8.14,sunny,54,92,28571
dev_00310,2002-04-06,9.72,snow,70,68,35284
dev_00311,2003-10-05,8.84,rain,71,42,35404
dev_00312,2011-08-28,2.53,fog,32,43,11575
dev_00313,2002-03-10,9.57,snow,29,4,49812
dev_00314,2004-10-29,4.04,fog,55,68,15574
dev_00315,2000-10-14,2.75,rain,65,96,9034
dev_00316,2023-04-28,2.83,fog,31,50,12693
dev_00317,2011-05-08,2.6,fog,60,99,8619
dev_00318,2012-07-04,6.79,snow,42,98,24444
dev_00319,2019-02-13,9.76,fog,50,91,34990
dev_00320,2019-01-16,4.32,rain,56,16,19958
dev_00321,2025-04-11,7.13,snow,68,44,28663
dev_00322,2012-10-05,9.35,snow,37,59,39831
dev_00323,2003-01-05,6.71,rain,32,14,33617
dev_00324,2007-12-27,6.63,snow,33,20,32520
dev_00325,2003-10-28,7.45,rain,26,79,30731
dev_00326,2010-01-03,4.58,rain,61,80,16419
dev_00327,2023-08-21,9.76,sunny,44,65,39674
dev_00328,2005-01-30,1.74,rain,70,55,6656
dev_00329,2002-08-29,8.43,sunny,62,99,27693
dev_00330,2013-01-30,7.92,snow,38,86,30413
dev_00331,2010-03-02,7.77,sunny,42,65,31818
dev_00332,2022-12-11,5.46,snow,18,50,25553
dev_00333,2006-01-19,2.25,fog,73,62,8269
dev_00334,2014-01-20,2.97,sunny,37,9,14880
dev_00335,2025-02-04,6.64,sunny,48,36,29482
dev_00336,2018-08-07,2.07,snow,76,79,6986
dev_00337,2024-01-01,9.05,fog,56,13,42218
dev_00338,2019-09-04,8.96,snow,52,51,37229
dev_00339,2014-06-12,3.51,snow,61,37,14847
dev_00340,2007-05-18,9.52,sunny,61,64,36414
dev_00341,2002-11-24,4.34,snow,75,89,14062
dev_00342,2024-08-09,4.62,sunny,77,75,15800
dev_00343,2019-02-03,9.33,rain,59,34,40166
dev_00344,2016-05-13,7.3,snow,35,5,37230
dev_00345,2002-12-23,1.52,rain,73,62,5586
dev_00346,2016-03-05,9.33,snow,41,24,44084
dev_00347,2002-11-14,4.68,rain,54,70,17971
dev_00348,2006-11-13,3.03,rain,28,19,15135
dev_00349,2009-11-04,6.91,snow,24,22,34619
dev_00350,2025-03-04,9.07,sunny,24,58,40543
dev_00351,2014-06-16,4.92,sunny,26,0,26125
dev_00352,2023-05-18,9.6,fog,79,45,36864
dev_00353,2021-02-11,3.19,snow,78,22,13398
dev_00354,2009-01-22,8.66,fog,32,90,33514
dev_00355,2000-04-09,8.52,snow,51,20,39490
dev_00356,2006-06-17,8.06,snow,49,77,30709
dev_00357,2020-04-24,5.88,fog,72,54,22403
dev_00358,2010-07-06,4.33,sunny,76,74,14938
dev_00359,2022-08-20,3.34,sunny,45,58,13878
dev_00360,2010-01-07,6.19,snow,49,100,21448
dev_00361,2023-01-11,6.76,rain,79,37,26770
dev_00362,2005-06-13,5.91,sunny,61,72,21897
dev_00363,2024-09-03,4.77,fog,20,87,19533
dev_00364,2002-11-25,2.27,snow,35,88,8751
dev_00365,2015-02-07,1.69,sunny,39,12,8340
dev_00366,2020-02-18,4.09,sunny,35,73,16687
dev_00367,2024-01-25,3.28,sunny,69,24,14120
dev_00368,2016-04-02,8.45,snow,34,33,39673
dev_00369,2007-01-26,9.14,snow,78,21,38525
dev_00370,2001-06-26,5.65,snow,28,2,29662
dev_00371,2002-11-21,3.2,snow,45,34,14448
dev_00372,2000-06-14,4.6,snow,66,48,18354
dev_00373,2024-07-05,8.21,fog,42,25,38546
dev_00374,2021-06-13,4.27,fog,47,55,17806
dev_00375,2016-04-30,8.63,fog,24,67,37411
dev_00376,2024-12-05,2.01,fog,47,47,8623
dev_00377,2024-11-10,5.9,fog,24,16,30090
dev_00378,2010-07-04,5.1,fog,46,46,22032
dev_00379,2021-09-02,3.86,sunny,65,46,15575
dev_00380,2015-11-23,7.75,fog,33,38,35921
dev_00381,2013-10-18,7.98,rain,55,12,37466
dev_00382,2021-08-05,8.58,fog,49,18,40283
dev_00383,2014-06-27,4.44,snow,73,4,20180
dev_00384,2001-05-28,8.97,sunny,72,71,31888
dev_00385,2023-11-01,2.71,rain,74,14,11870
dev_00386,2007-05-30,5.44,sunny,47,37,24154
dev_00387,2009-07-23,5.83,snow,18,49,27372
dev_00388,2025-04-06,9.43,snow,19,79,39889
dev_00389,2003-07-23,3.81,sunny,23,30,18688
dev_00390,2004-05-22,8.38,rain,66,26,36202
dev_00391,2018-01-07,6.98,rain,51,82,25861
dev_00392,2023-12-30,2.04,fog,74,35,8293
dev_00393,2024-02-02,3.28,fog,45,0,16482
dev_00394,2001-02-03,3.15,rain,72,60,11718
dev_00395,2011-07-05,9.68,rain,38,73,39059
dev_00396,2015-05-21,2.78,sunny,34,80,11092
dev_00397,2022-09-22,2.77,fog,63,74,10097
dev_00398,2008-01-01,1.86,rain,70,14,8258
dev_00399,2012-03-05,7.94,sunny,71,13,35254
dev_00400,2010-01-20,2.85,rain,76,5,12782
dev_00401,2008-01-28,9.98,rain,73,90,32485
dev_00402,2016-07-23,8.76,fog,65,23,38369
dev_00403,2009-10-20,4.14,sunny,31,48,18692
dev_00404,2016-10-26,5.4,rain,42,23,25515
dev_00405,2011-12-18,4.74,fog,79,26,19552
dev_00406,2004-09-26,6.93,sunny,46,83,26091
dev_00407,2019-12-01,4.98,fog,40,46,21962
dev_00408,2024-09-15,5.66,sunny,37,38,25895
dev_00409,2003-06-24,3.32,sunny,53,52,13695
dev_00410,2000-06-29,3.91,snow,79,45,15014
dev_00411,2020-06-16,7.38,fog,23,50,33985
dev_00412,2007-01-10,4.44,sunny,54,26,19980
dev_00413,2005-02-07,8.68,snow,37,75,34894
dev_00414,2021-08-11,8.33,sunny,59,27,36735
dev_00415,2006-07-19,4.56,sunny,45,58,18947
dev_00416,2011-10-16,8.24,sunny,29,63,35597
dev_00417,2014-08-12,5.2,sunny,58,80,18876
dev_00418,2008-11-22,5.95,sunny,61,50,24008
dev_00419,2024-12-20,2.01,fog,72,95,6422
dev_00420,2001-03-07,4.42,rain,60,21,19824
dev_00421,2011-08-15,4.1,sunny,18,20,21033
dev_00422,2018-06-13,9.23,fog,68,84,31567
dev_00423,2009-04-13,9.28,snow,32,51,41342
dev_00424,2005-02-03,9.88,sunny,43,44,43423
dev_00425,2002-03-12,9.25,rain,31,77,37740
dev_00426,2000-04-13,6.94,sunny,77,66,24672
dev_00427,2008-12-27,2.54,fog,63,100,8268
dev_00428,2024-04-10,9.57,sunny,47,37,42491
dev_00429,2016-08-08,6.08,sunny,32,84,24077
dev_00430,2012-10-18,5.75,sunny,80,27,23546
dev_00431,2023-01-19,7.25,sunny,43,28,33604
dev_00432,2003-04-05,4.44,snow,37,87,17050
dev_00433,2002-12-08,6.01,snow,75,85,19833
dev_00434,2017-04-29,9.71,fog,61,4,45880
dev_00435,2015-01-12,6.03,rain,74,5,27225
dev_00436,2021-05-10,6.12,snow,44,94,22216
dev_00437,2001-10-04,5.2,snow,79,34,20826
dev_00438,2008-11-02,8.2,rain,51,16,38499
dev_00439,2018-01-27,5.41,snow,36,65,22641
dev_00440,2016-10-01,9.07,sunny,60,47,37142
dev_00441,2022-11-24,9.7,sunny,74,14,42486
dev_00442,2006-11-01,4.42,fog,73,46,17304
dev_00443,2008-10-19,3.61,rain,38,44,16137
dev_00444,2023-10-02,5.51,sunny,38,18,26779
dev_00445,2003-01-12,6.48,fog,79,69,22550
dev_00446,2003-04-20,6.46,sunny,77,60,23547
dev_00447,2006-02-25,6.65,sunny,36,52,29127
dev_00448,2024-12-14,7.33,rain,30,18,36503
dev_00449,2018-08-07,3.66,snow,73,28,15317
dev_00450,2006-10-26,3.71,rain,18,74,16027
dev_00451,2016-02-07,4.76,fog,51,82,17636
dev_00452,2023-02-10,2.95,fog,62,80,10532
dev_00453,2017-10-25,5.22,snow,34,67,21846
dev_00454,2016-05-29,5.1,fog,42,76,20043
dev_00455,2017-11-30,2.65,rain,56,9,12521
dev_00456,2020-02-27,7.45,rain,25,23,37101
dev_00457,2012-11-15,6.81,rain,61,44,28091
dev_00458,2020-03-12,1.57,rain,46,35,7041
dev_00459,2021-09-08,8.11,fog,35,83,31872
dev_00460,2020-03-04,4.7,fog,55,77,17484
dev_00461,2016-12-22,3.95,snow,39,23,18842
dev_00462,2005-02-09,2.18,sunny,56,90,7652
dev_00463,2001-07-25,7.01,sunny,59,15,32176
dev_00464,2023-03-12,5.29,sunny,60,74,19520
dev_00465,2009-03-25,4.04,sunny,27,85,16241
dev_00466,2007-03-31,4.32,rain,79,62,15487
dev_00467,2010-06-04,4.79,fog,32,23,23351
dev_00468,2002-07-02,5.32,snow,33,67,22344
dev_00469,2009-11-03,9.1,sunny,20,90,36855
dev_00470,2023-12-28,3.94,snow,52,70,15248
dev_00471,2002-04-09,8.36,sunny,66,89,28215
dev_00472,2018-02-01,2.56,snow,73,43,10138
dev_00473,2000-04-08,1.6,snow,20,78,6768
dev_00474,2008-11-21,5.7,snow,57,67,21888
dev_00475,2024-12-03,3.95,snow,40,36,18012
dev_00476,2002-08-24,3.9,sunny,71,40,15736
dev_00477,2004-03-06,7.35,snow,28,64,31752
dev_00478,2023-02-24,6.52,fog,20,75,27873
dev_00479,2018-12-03,7.38,fog,67,43,29889
dev_00480,2017-02-06,8.13,rain,76,76,27805
dev_00481,2012-12-03,2.58,snow,76,52,9752
dev_00482,2018-03-06,8.47,fog,76,25,35447
dev_00483,2024-05-20,1.58,snow,28,16,7963
dev_00484,2016-10-25,8.86,fog,31,90,34421
dev_00485,2014-01-03,3.4,rain,41,7,16932
dev_00486,2007-05-12,5.51,sunny,46,88,20332
dev_00487,2021-12-05,2.61,sunny,41,92,9670
dev_00488,2010-05-02,3.07,rain,69,99,9763
dev_00489,2022-04-03,1.69,snow,68,51,6616
dev_00490,2021-04-01,2.65,rain,51,5,12879
dev_00491,2016-10-23,6.14,fog,71,77,21367
dev_00492,2011-12-26,6.17,snow,52,19,28598
dev_00493,2017-07-15,7.24,fog,65,67,26933
dev_00494,2005-02-24,4.05,rain,36,13,20108
dev_00495,2011-05-13,8.43,snow,31,44,38567
dev_00496,2021-04-15,8.23,rain,65,87,28147
dev_00497,2003-02-04,3.15,fog,18,13,16490
dev_00498,2016-09-21,2.36,sunny,60,31,10231
dev_00499,2003-08-22,4.81,fog,77,6,21429
dev_00500,2003-08-22,2.79,snow,53,66,10923
dev_00501,2006-12-27,7.42,fog,40,69,30162
dev_00502,2022-10-23,4.96,fog,28,27,24180
dev_00503,2023-05-22,8.36,fog,58,73,31225
dev_00504,2019-09-01,7.58,fog,76,2,34337
dev_00505,2003-08-24,8.9,sunny,22,83,36712
dev_00506,2018-04-05,1.72,sunny,39,17,8359
dev_00507,2008-04-05,5.88,snow,59,48,24079
dev_00508,2012-07-24,2.73,rain,79,84,8886
dev_00509,2010-02-08,5.04,rain,80,49,18976
dev_00510,2009-04-30,8.35,sunny,52,28,37575
dev_00511,2009-05-16,6.73,sunny,53,86,24329
dev_00512,2002-11-26,5.96,snow,37,88,22797
dev_00513,2013-04-23,7.75,fog,41,12,38014
dev_00514,2013-11-18,1.52,snow,64,20,6749
dev_00515,2023-07-21,4.99,fog,40,70,20209
dev_00516,2011-10-10,6.24,snow,46,8,30514
dev_00517,2023-04-25,7.43,sunny,22,37,35775
dev_00518,2011-02-18,9.29,sunny,70,60,34837
dev_00519,2007-09-25,1.5,sunny,71,21,6480
dev_00520,2020-01-19,9.86,snow,42,66,40229
dev_00521,2006-07-17,6.33,snow,39,90,23832
dev_00522,2012-01-22,8.84,snow,54,26,39780
dev_00523,2021-04-05,4.88,sunny,42,95,17788
dev_00524,2008-06-26,9.58,snow,31,40,44403
dev_00525,2019-12-28,3.39,sunny,74,65,12255
dev_00526,2016-06-06,6.24,rain,77,78,21060
dev_00527,2003-04-16,3.1,rain,23,45,14508
dev_00528,2021-12-14,9.95,fog,51,5,48357
dev_00529,2024-08-02,7.1,sunny,27,91,27903
dev_00530,2020-01-20,3.52,snow,39,5,17741
dev_00531,2019-01-23,2.58,rain,57,25,11533
dev_00532,2006-07-11,3.71,rain,39,74,14859
dev_00533,2000-03-04,1.75,fog,74,50,6720
dev_00534,2013-12-11,1.72,fog,60,10,7998
dev_00535,2011-04-30,2.31,rain,43,30,10638
dev_00536,2009-01-22,4.31,sunny,55,39,18490
dev_00537,2009-09-14,8.95,snow,79,23,37321
dev_00538,2022-09-09,3.04,sunny,59,23,13589
dev_00539,2023-07-14,3.51,fog,45,94,12689
dev_00540,2006-06-11,9.36,rain,39,63,39031
dev_00541,2005-05-13,6.82,sunny,48,19,32020
dev_00542,2015-06-14,7.74,rain,24,35,37268
dev_00543,2005-08-23,7.77,snow,25,15,39627
dev_00544,2003-07-02,3.14,sunny,22,71,13518
dev_00545,2010-12-24,2.94,fog,29,72,12304
dev_00546,2023-08-18,2.0,rain,49,23,9240
dev_00547,2017-04-23,7.79,rain,68,32,32718
dev_00548,2016-02-16,8.41,snow,74,58,31285
dev_00549,2018-05-05,7.0,rain,33,99,26040
dev_00550,2014-06-02,9.86,snow,47,83,36975
dev_00551,2006-01-28,8.61,rain,53,56,35000
dev_00552,2010-05-23,1.86,rain,26,38,8816
dev_00553,2010-04-10,4.69,rain,23,45,21949
dev_00554,2004-10-25,6.07,fog,77,34,24492
dev_00555,2001-10-31,1.86,fog,22,79,7784
dev_00556,2011-04-07,4.02,fog,45,36,18030
dev_00557,2016-01-20,8.4,sunny,55,84,30366
dev_00558,2006-09-24,4.6,rain,28,87,18285
dev_00559,2005-01-03,2.1,rain,43,53,8946
dev_00560,2023-07-25,9.82,fog,57,38,41980
dev_00561,2003-04-10,9.94,sunny,25,26,49054
dev_00562,2003-06-28,9.73,fog,24,49,44807
dev_00563,2007-01-15,2.08,snow,21,81,8674
dev_00564,2003-07-11,5.35,sunny,67,27,22952
dev_00565,2012-01-09,4.79,rain,29,2,25076
dev_00566,2009-09-10,9.4,rain,39,14,46107
dev_00567,2012-08-11,9.59,fog,37,9,48046
dev_00568,2020-08-02,5.68,snow,38,68,23345
dev_00569,2003-12-23,4.84,sunny,38,25,23014
dev_00570,2015-04-19,2.86,rain,22,66,12527
dev_00571,2015-12-25,4.75,sunny,33,35,22230
dev_00572,2024-09-13,8.81,snow,67,17,39116
dev_00573,2014-07-19,4.81,sunny,35,54,20996
dev_00574,2007-07-06,5.46,snow,65,45,22113
dev_00575,2025-04-17,6.11,rain,20,36,29695
dev_00576,2013-04-20,1.89,rain,61,40,7910
dev_00577,2014-05-18,8.8,fog,49,10,42372
dev_00578,2016-04-09,3.27,sunny,27,5,17069
dev_00579,2004-11-08,2.95,sunny,34,4,15134
dev_00580,2002-04-13,5.56,fog,24,66,24186
dev_00581,2017-06-24,2.01,rain,56,16,9286
dev_00582,2024-05-29,2.88,sunny,55,98,9806
dev_00583,2001-01-01,4.05,sunny,69,42,16342
dev_00584,2000-06-15,7.77,fog,43,14,37646
dev_00585,2018-12-01,5.24,rain,29,3,27353
dev_00586,2024-06-21,6.99,snow,49,58,28624
dev_00587,2007-03-13,4.86,rain,72,83,16403
dev_00588,2021-05-16,6.63,fog,58,31,28940
dev_00589,2016-01-10,8.9,snow,30,23,43654
dev_00590,2024-10-06,2.18,snow,72,98,6867
dev_00591,2012-01-29,6.94,rain,38,22,33312
dev_00592,2004-01-01,5.78,rain,59,8,27137
dev_00593,2008-01-18,9.07,snow,61,60,35237
dev_00594,2012-04-17,2.35,fog,38,23,11245
dev_00595,2001-05-06,7.79,fog,65,98,25356
dev_00596,2007-03-19,2.87,snow,60,21,12872
dev_00597,2006-05-22,9.72,rain,70,39,39512
dev_00598,2024-05-28,8.98,snow,53,84,32732
dev_00599,2019-07-11,5.79,sunny,47,93,20844
dev_00600,2009-02-22,9.89,sunny,41,68,40203
dev_00601,2000-07-05,4.64,sunny,42,92,17122
dev_00602,2013-07-30,5.12,snow,39,93,19046
dev_00603,2009-05-03,7.03,sunny,23,73,29948
dev_00604,2016-12-29,7.72,snow,50,50,32424
dev_00605,2005-04-06,8.82,sunny,49,44,37970
dev_00606,2010-12-21,2.83,sunny,22,32,13839
dev_00607,2014-10-30,5.6,snow,33,7,28560
dev_00608,2024-06-23,8.37,rain,39,29,39172
dev_00609,2003-08-06,7.47,snow,71,84,25211
dev_00610,2011-03-27,5.03,rain,36,51,22107
dev_00611,2004-01-18,5.52,rain,47,58,22770
dev_00612,2006-02-25,3.29,rain,31,21,16187
dev_00613,2003-01-16,4.35,fog,74,91,14029
dev_00614,2013-10-06,8.78,fog,72,71,31213
dev_00615,2021-12-14,7.15,fog,21,59,32175
dev_00616,2008-10-22,2.92,snow,79,68,10205
dev_00617,2011-06-18,3.46,snow,23,6,18217
dev_00618,2000-11-25,4.42,snow,68,46,17636
dev_00619,2006-10-09,7.69,snow,37,81,30222
dev_00620,2008-07-28,4.4,rain,56,23,19866
dev_00621,2021-09-10,3.91,sunny,40,38,17712
dev_00622,2007-01-30,8.77,snow,49,91,31572
dev_00623,2003-10-05,8.94,rain,76,95,28027
dev_00624,2021-02-01,8.78,snow,53,89,31345
dev_00625,2014-12-11,5.1,sunny,38,26,24174
dev_00626,2009-01-19,6.38,fog,60,14,29284
dev_00627,2013-06-14,2.91,sunny,18,82,12222
dev_00628,2021-09-02,7.89,fog,56,40,33611
dev_00629,2023-08-24,2.62,fog,66,9,11987
dev_00630,2022-07-05,5.97,snow,53,54,24447
dev_00631,2023-11-18,5.18,fog,32,38,24087
dev_00632,2023-11-07,8.98,sunny,53,86,32463
dev_00633,2000-08-08,5.23,rain,36,47,23300
dev_00634,2003-04-01,4.58,fog,66,83,15870
dev_00635,2021-09-26,9.98,sunny,78,91,31587
dev_00636,2011-08-31,7.13,fog,58,26,31657
dev_00637,2024-12-22,5.0,snow,72,62,18450
dev_00638,2018-04-13,6.51,sunny,43,98,23338
dev_00639,2000-09-19,8.43,rain,64,25,36797
dev_00640,2016-04-13,1.69,sunny,77,28,6971
dev_00641,2006-08-27,5.79,snow,52,82,21365
dev_00642,2019-07-03,6.03,snow,67,32,25416
dev_00643,2015-12-22,6.31,snow,68,12,28395
dev_00644,2018-04-10,8.95,sunny,48,99,31280
dev_00645,2022-07-08,5.54,rain,19,98,21855
dev_00646,2011-03-12,3.79,rain,28,75,15747
dev_00647,2004-02-18,5.55,fog,18,41,26723
dev_00648,2008-02-17,7.55,snow,47,84,28199
dev_00649,2003-03-24,2.38,sunny,66,0,11210
dev_00650,2015-01-17,3.15,sunny,57,74,11765
dev_00651,2000-07-12,7.24,sunny,70,91,23783
dev_00652,2012-09-12,2.05,rain,56,49,8456
dev_00653,2025-03-09,3.07,sunny,32,26,14828
dev_00654,2019-05-20,4.83,sunny,44,34,21880
dev_00655,2004-01-18,4.69,sunny,27,34,22442
dev_00656,2012-02-13,9.98,snow,60,4,47305
dev_00657,2017-06-30,8.01,snow,71,42,32080
dev_00658,2021-01-15,2.26,snow,40,71,9119
dev_00659,2007-11-19,4.62,rain,72,94,14830
dev_00660,2005-12-29,1.81,rain,34,16,8960
dev_00661,2007-06-27,6.25,sunny,45,55,26250
dev_00662,2024-07-30,1.84,rain,43,98,6596
dev_00663,2005-07-15,7.69,sunny,46,48,32990
dev_00664,2022-05-20,9.96,rain,37,77,39740
dev_00665,2001-02-05,4.94,fog,41,66,20229
dev_00666,2017-02-28,8.43,fog,35,8,42614
dev_00667,2002-03-14,3.54,fog,34,37,16408
dev_00668,2008-10-29,7.39,snow,66,18,32812
dev_00669,2017-04-28,5.97,rain,72,11,26596
dev_00670,2009-05-22,4.2,rain,67,19,18522
dev_00671,2005-10-13,4.9,sunny,19,80,20654
dev_00672,2007-02-22,9.45,rain,69,6,43234
dev_00673,2010-03-15,3.46,fog,68,56,13286
dev_00674,2020-12-28,9.73,snow,65,40,40136
dev_00675,2000-10-23,4.49,rain,58,49,18387
dev_00676,2014-12-09,6.99,sunny,78,87,22543
dev_00677,2000-04-29,9.35,rain,35,86,36325
dev_00678,2023-10-27,1.92,fog,47,54,8035
dev_00679,2007-02-18,6.35,fog,33,75,25908
dev_00680,2006-02-26,2.03,rain,71,86,6790
dev_00681,2011-09-17,9.76,rain,70,16,43042
dev_00682,2011-04-07,3.75,fog,64,58,14512
dev_00683,2020-05-27,5.69,fog,77,37,22703
dev_00684,2021-08-25,5.6,rain,73,8,25116
dev_00685,2024-01-19,1.58,fog,27,54,7086
dev_00686,2007-12-21,3.13,rain,73,6,14132
dev_00687,2021-01-24,1.95,fog,41,69,7898
dev_00688,2018-01-19,9.16,sunny,28,41,42731
dev_00689,2024-05-14,2.17,fog,64,24,9505
dev_00690,2014-05-14,2.89,snow,77,96,8973
dev_00691,2016-01-30,4.65,fog,36,49,20576
dev_00692,2016-04-13,8.08,rain,73,68,28967
dev_00693,2023-01-17,7.03,snow,28,12,35853
dev_00694,2011-01-12,9.82,sunny,31,86,38740
dev_00695,2013-03-31,5.57,snow,53,31,24731
dev_00696,2006-03-02,9.84,fog,40,74,39262
dev_00697,2002-08-15,9.26,snow,40,69,37642
dev_00698,2019-01-02,6.34,snow,45,75,24726
dev_00699,2012-01-27,2.43,snow,58,75,9003
dev_00700,2010-10-09,3.94,snow,42,92,14539
dev_00701,2017-06-17,7.6,fog,31,74,31350
dev_00702,2024-05-18,7.22,fog,42,84,27508
dev_00703,2000-11-03,9.85,sunny,64,0,46689
dev_00704,2021-05-29,4.35,sunny,76,51,16508
dev_00705,2005-10-02,1.6,sunny,47,75,6192
dev_00706,2015-10-20,4.6,snow,42,9,22701
dev_00707,2007-07-11,4.61,snow,21,26,23027
dev_00708,2015-06-03,5.22,rain,19,72,22629
dev_00709,2020-11-15,4.02,rain,39,12,19839
dev_00710,2001-12-22,7.85,rain,46,56,32734
dev_00711,2005-03-07,7.98,fog,51,93,28249
dev_00712,2001-09-30,6.75,fog,46,96,24098
dev_00713,2023-06-09,7.53,sunny,65,28,32417
dev_00714,2024-04-08,4.45,snow,44,81,17021
dev_00715,2020-05-21,5.69,fog,58,82,20484
dev_00716,2012-03-22,8.3,fog,40,4,41832
dev_00717,2007-09-02,6.82,fog,64,100,22097
dev_00718,2000-07-28,2.32,rain,63,30,9988
dev_00719,2003-06-22,9.76,fog,48,79,37039
dev_00720,2002-02-21,5.18,rain,43,33,23621
dev_00721,2021-10-27,8.4,fog,72,25,35658
dev_00722,2001-09-09,5.43,snow,45,16,25983
dev_00723,2000-10-18,8.96,snow,29,92,34810
dev_00724,2017-03-02,4.62,snow,54,54,18850
dev_00725,2021-07-13,7.73,snow,61,88,26784
dev_00726,2013-02-04,9.2,sunny,23,63,40572
dev_00727,2001-03-05,7.45,sunny,19,96,29614
dev_00728,2001-10-11,2.22,rain,35,85,8658
dev_00729,2000-03-27,6.16,snow,65,17,27535
dev_00730,2012-02-16,9.99,snow,33,16,49600
dev_00731,2005-04-27,9.27,rain,20,73,39907
dev_00732,2025-03-28,2.18,snow,58,30,9548
dev_00733,2002-09-16,8.57,sunny,75,64,30981
dev_00734,2012-12-15,3.94,snow,25,81,16193
dev_00735,2007-02-08,9.98,snow,65,32,42365
dev_00736,2025-01-04,7.25,sunny,72,99,22729
dev_00737,2008-06-22,8.03,sunny,40,31,37219
dev_00738,2007-11-27,3.33,snow,64,84,11588
dev_00739,2017-06-18,5.91,sunny,18,14,30850
dev_00740,2021-08-15,7.76,snow,42,28,36084
dev_00741,2013-10-14,7.15,rain,76,96,22308
dev_00742,2007-08-02,4.49,sunny,75,74,15558
dev_00743,2006-12-09,9.6,sunny,20,84,39744
dev_00744,2020-04-27,3.59,rain,29,88,14163
dev_00745,2018-04-14,5.33,sunny,43,81,20467
dev_00746,2007-11-10,8.23,sunny,72,14,36294
dev_00747,2008-06-18,3.41,snow,71,43,13606
dev_00748,2012-12-10,6.59,rain,61,19,29655
dev_00749,2002-03-22,6.03,rain,60,37,25597
dev_00750,2002-04-08,1.96,rain,34,87,7615
dev_00751,2016-07-07,9.22,fog,67,45,37064
dev_00752,2003-12-06,5.81,sunny,58,94,19870
dev_00753,2015-07-23,5.34,rain,64,93,17862
dev_00754,2017-02-09,3.78,fog,42,82,14515
dev_00755,2003-03-03,3.32,sunny,26,29,16185
dev_00756,2016-03-01,2.64,sunny,73,76,9148
dev_00757,2006-04-27,5.9,sunny,27,7,30621
dev_00758,2007-09-22,2.69,rain,27,0,14244
dev_00759,2002-11-28,2.45,fog,45,25,11393
dev_00760,2001-03-15,3.02,sunny,65,72,11008
dev_00761,2001-04-02,3.27,sunny,62,47,13293
dev_00762,2013-10-02,5.11,sunny,26,18,25754
dev_00763,2008-05-31,5.86,fog,34,8,29710
dev_00764,2015-03-25,1.92,rain,35,79,7661
dev_00765,2012-05-14,3.5,snow,26,44,16275
dev_00766,2005-10-18,3.26,fog,23,67,14181
dev_00767,2004-12-31,5.36,sunny,35,22,25969
dev_00768,2009-05-07,6.88,rain,67,55,26626
dev_00769,2021-11-04,3.33,rain,51,57,13586
dev_00770,2007-10-11,9.6,rain,20,51,44496
dev_00771,2008-11-09,6.6,fog,40,15,32175
dev_00772,2016-08-04,9.42,snow,60,22,42107
dev_00773,2002-05-27,5.24,rain,75,61,19178
dev_00774,2001-02-23,3.15,snow,21,15,16254
dev_00775,2012-08-14,7.51,sunny,26,1,39765
dev_00776,2019-11-20,6.04,sunny,68,95,19660
dev_00777,2022-12-14,2.82,rain,78,27,11632
dev_00778,2000-05-29,4.92,rain,46,27,22657
dev_00779,2000-11-20,6.79,snow,23,2,36157
dev_00780,2001-01-02,8.32,sunny,34,98,30950
dev_00781,2010-05-07,2.86,sunny,72,0,13213
dev_00782,2017-12-14,9.95,rain,27,75,41492
dev_00783,2019-08-04,6.69,fog,26,73,28198
dev_00784,2017-01-17,2.33,sunny,25,15,11883
dev_00785,2020-08-29,8.02,snow,72,57,30195
dev_00786,2023-09-22,5.47,sunny,52,90,19528
dev_00787,2025-01-02,4.11,snow,63,3,19358
dev_00788,2009-03-26,3.02,fog,33,3,15583
dev_00789,2009-05-27,9.58,sunny,53,95,33338
dev_00790,2002-10-25,2.56,snow,27,79,10522
dev_00791,2020-09-27,8.21,snow,51,93,29063
dev_00792,2008-07-28,7.55,fog,36,33,35221
dev_00793,2006-01-20,4.76,fog,31,71,19849
dev_00794,2003-03-22,3.43,rain,26,60,15126
dev_00795,2014-12-31,5.48,rain,74,84,18248
dev_00796,2010-11-08,8.77,rain,73,100,27231
dev_00797,2005-12-03,5.19,sunny,36,85,20163
dev_00798,2009-01-23,8.19,snow,75,73,28501
dev_00799,2000-12-28,8.65,snow,54,69,33346
dev_00800,2015-06-17,7.59,sunny,50,86,27779
dev_00801,2012-04-08,7.65,fog,48,33,34310
dev_00802,2012-01-29,2.52,snow,26,31,12209
dev_00803,2021-01-17,9.08,fog,76,7,40451
dev_00804,2019-06-22,2.72,rain,71,41,10934
dev_00805,2014-06-30,2.4,fog,21,69,10440
dev_00806,2017-05-28,6.91,rain,39,11,34204
dev_00807,2020-06-26,7.38,fog,44,81,28228
dev_00808,2015-03-10,8.51,rain,22,95,33572
dev_00809,2003-07-14,9.03,sunny,36,92,34133
dev_00810,2024-03-03,6.39,sunny,37,16,31343
dev_00811,2001-08-28,6.81,sunny,57,38,29113
dev_00812,2023-11-07,2.98,snow,62,69,11130
dev_00813,2022-12-03,1.84,sunny,27,100,6983
dev_00814,2009-03-10,2.05,snow,67,88,6919
dev_00815,2019-02-25,6.47,sunny,44,64,26398
dev_00816,2005-08-08,5.3,sunny,69,37,21783
dev_00817,2010-09-12,4.48,snow,42,70,18010
dev_00818,2001-07-02,8.78,sunny,53,32,38852
dev_00819,2021-10-04,3.91,snow,44,92,14311
dev_00820,2005-06-02,9.43,fog,39,30,43991
dev_00821,2003-05-09,4.01,fog,63,95,13353
dev_00822,2003-12-20,3.33,fog,19,21,16983
dev_00823,2003-01-31,8.94,sunny,20,49,41705
dev_00824,2020-01-16,2.59,sunny,73,25,10956
dev_00825,2000-11-14,8.9,snow,27,52,40184
dev_00826,2018-07-08,6.7,sunny,59,72,25025
dev_00827,2008-05-22,9.49,rain,60,14,43559
dev_00828,2007-12-17,8.79,sunny,45,40,38896
dev_00829,2019-04-08,7.37,fog,41,54,31507
dev_00830,2014-08-08,8.73,snow,79,66,30773
dev_00831,2006-03-07,8.72,snow,53,36,38063
dev_00832,2001-08-05,2.42,sunny,43,82,9257
dev_00833,2021-09-01,6.86,sunny,58,69,26034
dev_00834,2007-10-04,5.44,sunny,60,68,20563
dev_00835,2020-06-04,3.64,rain,41,18,17527
dev_00836,2023-09-03,8.16,sunny,45,20,38556
dev_00837,2009-02-02,8.65,fog,62,6,40482
dev_00838,2013-05-06,5.58,snow,52,13,26366
dev_00839,2018-09-01,6.68,sunny,51,37,29258
dev_00840,2011-12-25,5.39,snow,55,15,25064
dev_00841,2015-10-18,8.15,fog,66,16,36430
dev_00842,2007-10-23,6.57,fog,69,96,21188
dev_00843,2011-02-13,9.93,rain,19,98,39174
dev_00844,2017-02-19,4.53,rain,36,82,17803
dev_00845,2010-07-27,4.92,sunny,55,29,21845
dev_00846,2008-08-04,2.28,sunny,46,100,8003
dev_00847,2007-02-02,9.62,fog,31,88,37662
dev_00848,2008-02-26,3.41,fog,77,99,10435
dev_00849,2015-08-13,6.45,snow,43,97,23220
dev_00850,2025-04-28,5.37,snow,71,39,21748
dev_00851,2004-10-09,3.58,fog,29,68,15197
dev_00852,2019-12-12,4.17,rain,76,43,16326
dev_00853,2005-12-22,4.37,fog,43,65,17830
dev_00854,2001-09-30,3.02,sunny,21,66,13273
dev_00855,2022-07-29,9.15,rain,54,93,31979
dev_00856,2006-10-06,3.09,fog,45,13,14925
dev_00857,2013-01-22,2.49,fog,21,76,10570
dev_00858,2021-07-14,8.71,fog,24,5,45858
dev_00859,2018-03-02,7.87,snow,38,87,30103
dev_00860,2006-09-16,2.71,rain,22,30,13333
dev_00861,2003-12-22,6.25,fog,61,67,23625
dev_00862,2008-04-08,3.89,sunny,40,67,15930
dev_00863,2007-05-05,9.22,sunny,56,27,41075
dev_00864,2011-01-19,2.66,snow,41,87,10055
dev_00865,2007-03-29,5.63,snow,34,70,23308
dev_00866,2018-01-05,3.65,rain,47,64,14728
dev_00867,2004-07-11,2.4,snow,20,80,10080
dev_00868,2020-10-23,5.52,snow,65,52,21776
dev_00869,2017-08-02,7.2,snow,65,47,28944
dev_00870,2010-09-05,8.87,sunny,18,90,36190
dev_00871,2009-12-30,3.06,fog,77,71,10649
dev_00872,2013-04-17,1.67,snow,37,82,6538
dev_00873,2024-10-29,7.25,rain,68,15,32299
dev_00874,2001-09-18,4.0,sunny,25,21,20040
dev_00875,2000-11-19,9.25,fog,56,38,39683
dev_00876,2017-09-11,7.77,snow,44,2,38928
dev_00877,2021-08-25,8.88,fog,52,84,32501
dev_00878,2014-07-21,9.79,fog,41,52,42146
dev_00879,2017-11-20,9.98,snow,75,27,41617
dev_00880,2019-01-05,2.25,fog,48,11,10834
dev_00881,2002-10-19,4.6,rain,74,15,20079
dev_00882,2017-07-12,2.93,sunny,49,70,11471
dev_00883,2023-12-25,2.13,rain,66,0,10032
dev_00884,2017-06-18,2.38,sunny,73,58,8889
dev_00885,2015-10-14,9.37,sunny,27,76,38932
dev_00886,2015-06-09,2.43,sunny,77,60,8857
dev_00887,2011-11-22,9.32,rain,42,94,34111
dev_00888,2005-04-10,3.79,snow,26,44,17624
dev_00889,2021-11-28,5.2,sunny,71,56,19734
dev_00890,2007-04-27,6.92,sunny,70,35,28545
dev_00891,2010-06-07,3.63,sunny,55,32,15954
dev_00892,2000-08-12,2.78,snow,56,5,13302
dev_00893,2016-06-23,9.43,rain,51,26,42859
dev_00894,2008-09-25,4.78,snow,18,34,23518
dev_00895,2004-04-21,1.78,snow,30,70,7476
dev_00896,2014-06-08,7.97,snow,18,38,38734
dev_00897,2012-03-07,8.14,sunny,33,58,35287
dev_00898,2018-01-03,7.21,snow,42,6,35906
dev_00899,2022-09-06,3.68,snow,18,10,19430
dev_00900,2009-04-01,7.17,sunny,59,22,32157
dev_00901,2020-06-03,8.95,rain,39,57,38127
dev_00902,2012-12-09,7.66,rain,79,26,31598
dev_00903,2010-04-09,9.98,rain,55,33,43712
dev_00904,2002-05-02,7.48,fog,61,87,26030
dev_00905,2009-03-06,4.59,snow,73,6,20724
dev_00906,2012-10-14,4.4,snow,63,82,15510
dev_00907,2008-07-12,9.93,snow,67,30,42153
dev_00908,2005-08-05,2.53,fog,74,96,7969
dev_00909,2009-01-13,2.51,rain,30,37,11784
dev_00910,2004-08-23,3.39,sunny,50,17,15916
dev_00911,2016-12-03,7.36,sunny,39,10,36542
dev_00912,2008-01-03,6.96,fog,71,2,32051
dev_00913,2006-11-23,8.43,rain,63,69,31360
dev_00914,2000-05-14,7.56,snow,44,27,35041
dev_00915,2012-01-22,9.81,snow,44,71,38995
dev_00916,2015-08-22,9.24,snow,79,76,31185
dev_00917,2025-02-25,5.55,snow,62,32,23810
dev_00918,2002-06-04,9.81,sunny,68,37,40466
dev_00919,2021-05-24,6.42,snow,51,5,31201
dev_00920,2008-12-17,4.98,fog,34,53,21887
dev_00921,2015-03-21,4.81,rain,41,96,17532
dev_00922,2008-12-26,9.77,fog,63,56,38250
dev_00923,2015-09-13,8.13,rain,47,3,40244
dev_00924,2006-07-27,3.91,snow,50,74,15014
dev_00925,2005-12-19,4.59,snow,22,93,18245
dev_00926,2000-10-28,5.68,rain,71,60,21215
dev_00927,2011-10-21,8.04,sunny,53,18,37265
dev_00928,2003-12-31,5.19,rain,39,43,23199
dev_00929,2017-04-30,1.71,fog,25,5,8978
dev_00930,2016-05-31,3.35,sunny,46,43,14623
dev_00931,2007-01-29,7.21,snow,32,100,26821
dev_00932,2011-07-10,2.77,sunny,26,7,14418
dev_00933,2007-04-23,5.12,sunny,39,15,25037
dev_00934,2016-06-02,6.14,snow,49,25,28183
dev_00935,2010-07-16,6.7,sunny,27,21,33366
dev_00936,2011-08-30,2.61,fog,71,100,8182
dev_00937,2001-02-08,1.76,fog,38,38,8026
dev_00938,2008-02-25,5.39,rain,40,88,20374
dev_00939,2006-01-01,5.15,sunny,35,52,22634
dev_00940,2023-07-02,3.78,rain,30,44,17350
dev_00941,2001-05-16,3.47,sunny,30,52,15511
dev_00942,2019-10-21,7.55,rain,45,4,37486
dev_00943,2006-11-21,8.7,fog,38,25,41368
dev_00944,2001-10-30,5.13,rain,54,75,19314
dev_00945,2010-08-06,4.2,fog,67,75,14994
dev_00946,2016-04-18,2.19,snow,27,84,8837
dev_00947,2009-01-09,9.3,rain,71,49,36270
dev_00948,2002-10-04,8.1,sunny,18,74,34992
dev_00949,2004-02-05,4.74,sunny,46,38,21046
dev_00950,2004-03-12,4.93,snow,69,9,22333
dev_00951,2013-02-18,3.4,rain,38,81,13311
dev_00952,2007-04-09,8.94,rain,46,63,36341
dev_00953,2014-09-27,8.97,snow,56,27,39961
dev_00954,2015-07-15,4.77,sunny,38,43,21393
dev_00955,2010-05-15,4.93,fog,65,4,22998
dev_00956,2004-06-12,3.97,fog,21,3,21200
dev_00957,2023-09-06,9.7,snow,78,88,31137
dev_00958,2002-11-10,7.12,fog,26,55,31933
dev_00959,2020-04-09,6.26,sunny,33,91,24038
dev_00960,2008-03-11,5.29,sunny,40,71,21345
dev_00961,2012-09-09,4.2,fog,55,11,19782
dev_00962,2002-08-26,7.69,fog,60,93,26184
dev_00963,2016-01-12,5.93,rain,21,14,30688
dev_00964,2005-11-19,4.76,sunny,65,23,20849
dev_00965,2020-12-08,6.48,rain,79,23,27022
dev_00966,2023-11-19,6.71,sunny,51,42,28887
dev_00967,2007-07-07,9.79,fog,36,4,49929
dev_00968,2021-08-20,8.91,rain,36,0,45976
dev_00969,2019-05-09,4.68,snow,61,29,20358
dev_00970,2002-09-14,7.38,rain,63,9,34096
dev_00971,2024-02-25,2.26,rain,64,8,10441
dev_00972,2014-12-30,7.44,rain,51,3,36382
dev_00973,2014-07-09,9.92,fog,51,53,41069
dev_00974,2018-02-18,4.99,rain,27,85,20060
dev_00975,2014-03-08,5.1,rain,62,77,18436
dev_00976,2015-08-20,3.65,sunny,53,73,13906
dev_00977,2012-01-05,4.06,sunny,67,34,16991
dev_00978,2019-05-24,4.69,snow,27,89,18572
dev_00979,2001-12-09,4.29,rain,79,97,13127
dev_00980,2017-02-25,8.14,snow,52,38,35409
dev_00981,2004-05-27,5.92,snow,18,89,24242
dev_00982,2007-04-16,8.4,snow,22,21,42462
dev_00983,2002-01-03,9.52,snow,33,100,35272
dev_00984,2012-08-24,9.07,rain,25,3,47890
dev_00985,2006-09-14,7.28,sunny,49,38,31996
dev_00986,2002-08-03,5.56,rain,65,8,25604
dev_00987,2011-11-26,1.98,fog,63,3,9326
dev_00988,2004-11-28,5.74,snow,19,2,30910
dev_00989,2016-09-09,9.98,sunny,34,41,45658
dev_00990,2021-07-22,7.09,snow,50,8,34245
dev_00991,2017-12-19,3.76,sunny,75,85,12408
dev_00992,2011-03-07,8.45,rain,43,44,37138
dev_00993,2011-11-07,8.77,sunny,26,6,45779
dev_00994,2025-01-09,1.63,snow,55,57,6553
dev_00995,2006-07-30,2.11,sunny,19,6,11236
dev_00996,2002-10-17,9.54,sunny,71,36,39066
dev_00997,2021-01-06,8.99,snow,43,70,36005
dev_00998,2001-07-01,6.32,snow,47,16,30052
dev_00999,2008-02-08,9.41,sunny,37,30,44180
dev_01000,2000-11-03,4.41,sunny,63,19,19713
