start_date,end_date,duration,destination_city,lat,lon,crime_index,aqi,weather_risk,transport_mode,transport_multiplier,base_premium_per_day,risk_score,total_premium
2025-06-13,2025-06-24,12,Bengaluru,12.9716,77.5946,47.4,129,0.1,train,1.1,100,1.75,2094.0
2025-06-23,2025-06-27,5,Chennai,13.0827,80.2707,57.29,97,0.19,train,1.1,100,1.68,839.23
2025-05-07,2025-05-15,9,Lucknow,26.8467,80.9462,39.33,90,0.12,train,1.1,100,1.6,1440.59
2025-05-07,2025-05-14,8,Bengaluru,12.9716,77.5946,45.12,177,0.45,road,1.0,100,1.85,1479.68
2025-05-24,2025-06-01,9,Ahmedabad,23.0225,72.5714,56.53,100,0.55,air,1.2,100,1.8,1622.39
2025-05-02,2025-05-03,2,Mumbai,19.076,72.8777,67.56,242,0.22,train,1.1,100,2.0,399.16
2025-05-27,2025-06-03,8,Delhi,28.7041,77.1025,44.08,112,0.63,air,1.2,100,1.77,1416.32
2025-05-12,2025-05-23,12,Lucknow,26.8467,80.9462,51.09,216,0.82,air,1.2,100,2.09,2509.74
2025-06-14,2025-06-27,14,Chennai,13.0827,80.2707,55.53,250,0.68,air,1.2,100,2.17,3043.11
2025-06-21,2025-07-02,12,Bengaluru,12.9716,77.5946,64.79,189,0.87,train,1.1,100,2.11,2527.14
2025-06-25,2025-07-10,16,Bengaluru,12.9716,77.5946,35.62,202,0.08,train,1.1,100,1.87,2988.96
2025-06-03,2025-06-17,15,Delhi,28.7041,77.1025,53.8,151,0.51,air,1.2,100,1.94,2914.5
2025-06-26,2025-06-27,2,Mumbai,19.076,72.8777,35.74,85,0.38,air,1.2,100,1.56,312.94
2025-05-14,2025-05-20,7,Hyderabad,17.385,78.4867,38.14,185,0.48,train,1.1,100,1.84,1285.69
2025-05-10,2025-05-22,13,Bengaluru,12.9716,77.5946,65.84,161,0.84,road,1.0,100,2.05,2663.96
2025-05-16,2025-05-19,4,Mumbai,19.076,72.8777,64.57,73,0.83,air,1.2,100,1.79,717.94
2025-06-10,2025-06-18,9,Kolkata,22.5726,88.3639,42.4,89,0.44,train,1.1,100,1.68,1510.2
2025-06-27,2025-06-28,2,Lucknow,26.8467,80.9462,43.51,238,0.27,air,1.2,100,1.89,377.51
2025-06-09,2025-06-21,13,Jaipur,26.9124,75.7873,64.03,136,0.45,air,1.2,100,1.93,2511.8
2025-05-21,2025-05-26,6,Ahmedabad,23.0225,72.5714,56.15,189,0.47,road,1.0,100,1.91,1147.65
2025-06-20,2025-06-27,8,Delhi,28.7041,77.1025,54.8,211,0.69,road,1.0,100,2.01,1611.2
2025-05-24,2025-06-01,9,Hyderabad,17.385,78.4867,45.76,111,0.08,train,1.1,100,1.67,1500.12
2025-06-16,2025-06-29,14,Delhi,28.7041,77.1025,69.95,209,0.24,train,1.1,100,2.07,2892.05
2025-05-29,2025-06-02,5,Ahmedabad,23.0225,72.5714,36.26,160,0.27,air,1.2,100,1.73,862.65
2025-05-05,2025-05-13,9,Mumbai,19.076,72.8777,61.51,78,0.68,air,1.2,100,1.81,1628.6
2025-05-05,2025-05-10,6,Pune,18.5204,73.8567,45.29,226,0.54,air,1.2,100,1.97,1179.87
2025-06-04,2025-06-10,7,Ahmedabad,23.0225,72.5714,37.68,181,0.54,train,1.1,100,1.84,1286.88
2025-05-29,2025-06-04,7,Delhi,28.7041,77.1025,49.84,231,0.54,road,1.0,100,1.99,1392.44
2025-06-21,2025-06-27,7,Hyderabad,17.385,78.4867,58.27,192,0.84,air,1.2,100,2.03,1423.35
2025-06-03,2025-06-06,4,Mumbai,19.076,72.8777,65.41,82,0.09,train,1.1,100,1.66,663.62
2025-05-05,2025-05-17,13,Lucknow,26.8467,80.9462,45.29,142,0.13,road,1.0,100,1.77,2296.39
2025-06-20,2025-06-28,9,Delhi,28.7041,77.1025,36.97,175,0.1,air,1.2,100,1.76,1588.37
2025-06-13,2025-06-22,10,Pune,18.5204,73.8567,34.41,204,0.04,air,1.2,100,1.81,1808.05
2025-05-30,2025-06-07,9,Lucknow,26.8467,80.9462,61.35,80,0.38,air,1.2,100,1.75,1577.48
2025-06-25,2025-06-27,3,Kolkata,22.5726,88.3639,37.94,191,0.59,road,1.0,100,1.82,545.91
2025-06-26,2025-06-28,3,Jaipur,26.9124,75.7873,53.49,153,0.86,air,1.2,100,1.9,568.63
2025-05-06,2025-05-20,15,Delhi,28.7041,77.1025,51.28,177,0.04,road,1.0,100,1.87,2802.6
2025-05-31,2025-06-07,8,Hyderabad,17.385,78.4867,55.6,124,0.44,air,1.2,100,1.81,1451.2
2025-06-23,2025-07-08,16,Lucknow,26.8467,80.9462,44.93,83,0.35,train,1.1,100,1.73,2769.04
2025-05-21,2025-05-26,6,Bengaluru,12.9716,77.5946,53.28,96,0.25,air,1.2,100,1.69,1013.04
2025-06-01,2025-06-16,16,Hyderabad,17.385,78.4867,47.13,149,0.01,air,1.2,100,1.82,2905.04
2025-05-28,2025-06-03,7,Pune,18.5204,73.8567,48.08,85,0.67,road,1.0,100,1.71,1200.08
2025-06-07,2025-06-13,7,Mumbai,19.076,72.8777,64.82,220,0.36,air,1.2,100,2.03,1418.27
2025-05-14,2025-05-21,8,Chennai,13.0827,80.2707,31.88,124,0.8,road,1.0,100,1.75,1397.92
2025-05-14,2025-05-23,10,Lucknow,26.8467,80.9462,41.08,153,0.96,air,1.2,100,1.92,1923.4
2025-06-06,2025-06-13,8,Mumbai,19.076,72.8777,64.29,132,0.74,train,1.1,100,1.92,1538.76
2025-06-03,2025-06-06,4,Jaipur,26.9124,75.7873,34.35,143,0.71,air,1.2,100,1.76,703.9
2025-05-09,2025-05-20,12,Ahmedabad,23.0225,72.5714,50.99,161,0.2,air,1.2,100,1.86,2228.34
2025-05-21,2025-06-03,14,Pune,18.5204,73.8567,42.79,70,0.58,road,1.0,100,1.71,2393.93
2025-06-07,2025-06-21,15,Ahmedabad,23.0225,72.5714,49.55,120,0.9,train,1.1,100,1.93,2891.62
2025-05-28,2025-06-06,10,Mumbai,19.076,72.8777,61.05,210,0.43,air,1.2,100,2.03,2031.25
2025-05-25,2025-06-06,13,Delhi,28.7041,77.1025,54.13,141,0.81,air,1.2,100,1.96,2554.05
2025-05-01,2025-05-13,13,Kolkata,22.5726,88.3639,42.1,244,0.64,train,1.1,100,2.07,2686.45
2025-05-24,2025-05-26,3,Kolkata,22.5726,88.3639,51.55,94,0.61,air,1.2,100,1.72,515.33
2025-05-29,2025-06-04,7,Ahmedabad,23.0225,72.5714,34.08,249,0.04,road,1.0,100,1.85,1292.48
2025-06-04,2025-06-11,8,Kolkata,22.5726,88.3639,38.73,150,0.61,train,1.1,100,1.81,1444.52
2025-05-26,2025-06-01,7,Hyderabad,17.385,78.4867,52.35,116,0.87,air,1.2,100,1.86,1300.42
2025-06-24,2025-07-04,11,Lucknow,26.8467,80.9462,47.77,180,0.3,train,1.1,100,1.88,2066.74
2025-06-28,2025-07-09,12,Delhi,28.7041,77.1025,34.42,62,0.97,road,1.0,100,1.71,2052.12
2025-05-22,2025-05-25,4,Bengaluru,12.9716,77.5946,64.46,150,0.49,air,1.2,100,1.88,752.12
2025-06-28,2025-07-04,7,Ahmedabad,23.0225,72.5714,54.32,160,0.25,air,1.2,100,1.83,1282.12
2025-05-10,2025-05-21,12,Delhi,28.7041,77.1025,66.84,228,0.75,road,1.0,100,2.16,2592.24
2025-06-23,2025-07-03,11,Mumbai,19.076,72.8777,44.23,133,0.82,air,1.2,100,1.88,2069.26
2025-05-15,2025-05-28,14,Pune,18.5204,73.8567,44.12,84,0.05,air,1.2,100,1.66,2322.04
2025-05-17,2025-05-24,8,Ahmedabad,23.0225,72.5714,57.32,181,0.97,road,1.0,100,2.02,1618.08
2025-06-13,2025-06-23,11,Ahmedabad,23.0225,72.5714,40.29,68,0.34,air,1.2,100,1.64,1799.0
2025-05-20,2025-06-01,13,Kolkata,22.5726,88.3639,42.0,230,0.41,train,1.1,100,1.99,2589.6
2025-06-26,2025-07-02,7,Lucknow,26.8467,80.9462,51.45,71,0.77,train,1.1,100,1.73,1213.28
2025-05-17,2025-06-01,16,Lucknow,26.8467,80.9462,48.42,176,0.64,train,1.1,100,1.99,3187.36
2025-06-28,2025-07-10,13,Delhi,28.7041,77.1025,50.36,228,0.7,road,1.0,100,2.08,2701.14
2025-05-28,2025-06-05,9,Chennai,13.0827,80.2707,62.82,250,0.86,train,1.1,100,2.19,1967.49
2025-05-04,2025-05-11,8,Pune,18.5204,73.8567,42.45,69,0.73,air,1.2,100,1.7,1357.0
2025-05-11,2025-05-12,2,Jaipur,26.9124,75.7873,31.15,234,0.98,road,1.0,100,1.94,387.95
2025-06-16,2025-06-18,3,Mumbai,19.076,72.8777,64.1,134,0.03,train,1.1,100,1.73,520.35
2025-06-04,2025-06-07,4,Delhi,28.7041,77.1025,49.18,164,0.81,air,1.2,100,1.9,758.36
2025-05-02,2025-05-04,3,Mumbai,19.076,72.8777,68.61,145,0.86,train,1.1,100,1.95,583.52
2025-06-21,2025-07-04,14,Chennai,13.0827,80.2707,40.21,93,0.48,road,1.0,100,1.72,2412.27
2025-06-23,2025-07-02,10,Hyderabad,17.385,78.4867,41.91,235,0.34,road,1.0,100,1.95,1947.55
2025-06-16,2025-07-01,16,Chennai,13.0827,80.2707,67.96,76,0.1,road,1.0,100,1.77,2834.88
2025-05-16,2025-05-30,15,Delhi,28.7041,77.1025,51.53,149,0.94,air,1.2,100,2.01,3020.47
2025-06-11,2025-06-24,14,Chennai,13.0827,80.2707,65.16,170,0.08,train,1.1,100,1.93,2704.52
2025-06-06,2025-06-19,14,Delhi,28.7041,77.1025,44.56,139,0.7,train,1.1,100,1.89,2647.12
2025-06-29,2025-07-12,14,Delhi,28.7041,77.1025,34.92,62,0.1,air,1.2,100,1.58,2210.04
2025-05-10,2025-05-23,14,Lucknow,26.8467,80.9462,57.2,182,0.22,train,1.1,100,1.94,2721.6
2025-06-14,2025-06-21,8,Kolkata,22.5726,88.3639,36.89,192,0.19,air,1.2,100,1.81,1445.16
2025-06-16,2025-06-29,14,Jaipur,26.9124,75.7873,55.12,212,0.29,road,1.0,100,2.0,2796.64
2025-05-09,2025-05-18,10,Hyderabad,17.385,78.4867,69.87,166,0.15,air,1.2,100,1.93,1931.35
2025-05-26,2025-05-29,4,Kolkata,22.5726,88.3639,50.65,136,0.25,train,1.1,100,1.73,690.1
2025-05-01,2025-05-05,5,Hyderabad,17.385,78.4867,50.82,211,0.76,air,1.2,100,2.0,999.05
2025-06-27,2025-07-04,8,Ahmedabad,23.0225,72.5714,36.05,64,0.7,air,1.2,100,1.65,1318.6
2025-05-27,2025-06-07,12,Jaipur,26.9124,75.7873,50.99,157,0.54,train,1.1,100,1.91,2288.34
2025-05-13,2025-05-17,5,Chennai,13.0827,80.2707,42.75,205,0.02,road,1.0,100,1.78,888.88
2025-05-02,2025-05-16,15,Chennai,13.0827,80.2707,34.15,249,0.28,air,1.2,100,1.99,2992.12
2025-06-02,2025-06-13,12,Ahmedabad,23.0225,72.5714,37.03,168,0.49,air,1.2,100,1.86,2230.98
2025-05-24,2025-05-31,8,Chennai,13.0827,80.2707,67.82,95,0.46,road,1.0,100,1.8,1440.88
2025-05-31,2025-06-07,8,Ahmedabad,23.0225,72.5714,45.08,128,0.67,train,1.1,100,1.81,1444.32
2025-06-21,2025-06-27,7,Ahmedabad,23.0225,72.5714,32.36,137,0.97,train,1.1,100,1.81,1266.86
2025-06-10,2025-06-21,12,Chennai,13.0827,80.2707,52.19,173,0.11,air,1.2,100,1.87,2242.74
2025-06-26,2025-07-02,7,Mumbai,19.076,72.8777,54.06,112,0.4,train,1.1,100,1.75,1228.01
2025-05-28,2025-06-04,8,Ahmedabad,23.0225,72.5714,32.93,124,0.35,air,1.2,100,1.68,1346.12
2025-06-30,2025-07-06,7,Bengaluru,12.9716,77.5946,35.21,73,0.98,air,1.2,100,1.71,1195.63
2025-05-14,2025-05-28,15,Pune,18.5204,73.8567,49.84,125,0.06,train,1.1,100,1.77,2656.8
2025-05-08,2025-05-14,7,Bengaluru,12.9716,77.5946,41.91,199,0.68,road,1.0,100,1.91,1339.49
2025-06-04,2025-06-10,7,Ahmedabad,23.0225,72.5714,42.28,227,0.75,train,1.1,100,2.0,1396.78
2025-05-08,2025-05-10,3,Chennai,13.0827,80.2707,67.42,196,0.35,train,1.1,100,1.94,581.73
2025-05-02,2025-05-06,5,Bengaluru,12.9716,77.5946,55.47,195,0.86,air,1.2,100,2.01,1004.67
2025-05-01,2025-05-08,8,Chennai,13.0827,80.2707,63.81,189,0.8,air,1.2,100,2.06,1645.64
2025-05-02,2025-05-16,15,Mumbai,19.076,72.8777,46.29,204,0.59,road,1.0,100,2.01,3011.17
2025-05-03,2025-05-17,15,Bengaluru,12.9716,77.5946,38.79,141,0.8,train,1.1,100,1.9,2843.93
2025-06-01,2025-06-15,15,Kolkata,22.5726,88.3639,37.36,246,0.32,air,1.2,100,2.01,3019.2
2025-05-30,2025-06-13,15,Ahmedabad,23.0225,72.5714,68.55,239,0.75,train,1.1,100,2.23,3346.12
2025-06-27,2025-07-02,6,Ahmedabad,23.0225,72.5714,45.65,94,0.68,train,1.1,100,1.72,1033.35
2025-05-23,2025-05-30,8,Lucknow,26.8467,80.9462,31.91,155,0.17,road,1.0,100,1.68,1346.84
2025-06-14,2025-06-21,8,Delhi,28.7041,77.1025,65.98,147,0.07,road,1.0,100,1.82,1454.32
2025-06-20,2025-06-29,10,Bengaluru,12.9716,77.5946,32.14,105,0.95,train,1.1,100,1.77,1770.7
2025-06-12,2025-06-15,4,Mumbai,19.076,72.8777,53.79,131,0.74,train,1.1,100,1.83,731.58
2025-06-17,2025-06-21,5,Hyderabad,17.385,78.4867,55.96,82,0.56,train,1.1,100,1.72,857.9
2025-06-11,2025-06-21,11,Chennai,13.0827,80.2707,40.65,106,0.24,road,1.0,100,1.67,1840.58
2025-06-30,2025-07-12,13,Bengaluru,12.9716,77.5946,60.5,138,0.22,train,1.1,100,1.86,2421.25
2025-06-22,2025-06-30,9,Chennai,13.0827,80.2707,41.22,194,0.53,train,1.1,100,1.9,1710.09
2025-06-21,2025-06-27,7,Mumbai,19.076,72.8777,41.9,246,0.32,train,1.1,100,1.95,1361.85
2025-06-22,2025-07-02,11,Ahmedabad,23.0225,72.5714,44.02,195,0.0,train,1.1,100,1.83,2013.11
2025-05-09,2025-05-10,2,Delhi,28.7041,77.1025,68.96,119,0.72,air,1.2,100,1.87,373.36
2025-06-12,2025-06-18,7,Pune,18.5204,73.8567,33.17,153,0.81,air,1.2,100,1.82,1276.7
2025-05-16,2025-05-25,10,Lucknow,26.8467,80.9462,66.04,239,0.75,air,1.2,100,2.18,2178.2
2025-05-11,2025-05-17,7,Chennai,13.0827,80.2707,49.03,127,0.42,train,1.1,100,1.76,1234.21
2025-06-11,2025-06-19,9,Mumbai,19.076,72.8777,66.09,137,0.51,air,1.2,100,1.92,1724.81
2025-06-19,2025-06-22,4,Hyderabad,17.385,78.4867,54.17,68,0.39,train,1.1,100,1.63,653.94
2025-05-27,2025-06-04,9,Hyderabad,17.385,78.4867,61.5,147,0.0,train,1.1,100,1.8,1621.35
2025-05-14,2025-05-23,10,Pune,18.5204,73.8567,55.9,89,0.95,air,1.2,100,1.87,1867.5
2025-06-01,2025-06-10,10,Hyderabad,17.385,78.4867,31.75,235,0.93,road,1.0,100,2.01,2014.75
2025-06-29,2025-07-09,11,Hyderabad,17.385,78.4867,39.46,165,0.48,road,1.0,100,1.83,2016.63
2025-05-11,2025-05-18,8,Lucknow,26.8467,80.9462,61.87,185,0.23,road,1.0,100,1.91,1524.28
2025-05-04,2025-05-05,2,Pune,18.5204,73.8567,50.53,229,0.14,train,1.1,100,1.87,373.73
2025-06-01,2025-06-07,7,Jaipur,26.9124,75.7873,60.83,223,0.05,air,1.2,100,1.95,1365.1
2025-06-07,2025-06-19,13,Ahmedabad,23.0225,72.5714,37.7,233,0.62,road,1.0,100,2.01,2611.05
2025-05-28,2025-05-29,2,Bengaluru,12.9716,77.5946,58.83,95,0.72,air,1.2,100,1.77,353.63
2025-05-02,2025-05-17,16,Chennai,13.0827,80.2707,38.44,238,0.4,road,1.0,100,2.01,3213.12
2025-06-30,2025-07-08,9,Jaipur,26.9124,75.7873,63.94,69,0.95,train,1.1,100,1.85,1662.93
2025-05-01,2025-05-15,15,Kolkata,22.5726,88.3639,66.42,118,0.82,road,1.0,100,1.98,2973.15
2025-05-04,2025-05-19,16,Hyderabad,17.385,78.4867,65.47,164,0.65,road,1.0,100,2.05,3272.56
2025-06-08,2025-06-16,9,Delhi,28.7041,77.1025,58.58,75,0.76,road,1.0,100,1.78,1606.41
2025-06-02,2025-06-13,12,Delhi,28.7041,77.1025,59.46,168,0.21,train,1.1,100,1.91,2286.36
2025-06-09,2025-06-23,15,Chennai,13.0827,80.2707,54.33,109,0.91,air,1.2,100,1.94,2912.47
2025-05-05,2025-05-13,9,Ahmedabad,23.0225,72.5714,36.49,206,0.4,road,1.0,100,1.86,1678.01
2025-06-12,2025-06-19,8,Kolkata,22.5726,88.3639,37.99,100,0.67,road,1.0,100,1.7,1363.16
2025-05-02,2025-05-13,12,Hyderabad,17.385,78.4867,63.69,214,0.04,road,1.0,100,1.97,2369.34
2025-05-18,2025-05-21,4,Hyderabad,17.385,78.4867,50.35,206,0.2,train,1.1,100,1.85,741.5
2025-06-11,2025-06-17,7,Pune,18.5204,73.8567,47.77,192,0.13,road,1.0,100,1.82,1273.2
2025-05-14,2025-05-15,2,Chennai,13.0827,80.2707,40.79,245,0.33,road,1.0,100,1.88,375.99
2025-06-18,2025-06-19,2,Kolkata,22.5726,88.3639,56.27,140,0.39,train,1.1,100,1.77,353.87
2025-05-07,2025-05-11,5,Hyderabad,17.385,78.4867,40.24,148,0.22,road,1.0,100,1.69,845.6
2025-06-12,2025-06-14,3,Lucknow,26.8467,80.9462,41.37,203,0.05,train,1.1,100,1.76,528.86
2025-06-26,2025-07-11,16,Lucknow,26.8467,80.9462,40.5,131,0.55,train,1.1,100,1.84,2951.2
2025-06-10,2025-06-25,16,Mumbai,19.076,72.8777,41.9,62,0.16,air,1.2,100,1.65,2632.8
2025-05-12,2025-05-26,15,Delhi,28.7041,77.1025,59.34,247,0.15,road,1.0,100,2.07,3106.05
2025-06-26,2025-07-04,9,Lucknow,26.8467,80.9462,62.6,125,0.23,train,1.1,100,1.81,1628.1
2025-05-01,2025-05-03,3,Delhi,28.7041,77.1025,44.23,225,0.1,air,1.2,100,1.84,552.34
2025-06-04,2025-06-13,10,Lucknow,26.8467,80.9462,41.26,169,0.51,air,1.2,100,1.87,1866.3
2025-05-30,2025-06-12,14,Hyderabad,17.385,78.4867,68.2,60,0.08,air,1.2,100,1.74,2431.8
2025-06-22,2025-06-30,9,Kolkata,22.5726,88.3639,69.58,108,0.77,train,1.1,100,1.92,1726.11
2025-06-04,2025-06-06,3,Hyderabad,17.385,78.4867,38.88,168,0.81,train,1.1,100,1.83,549.72
2025-06-20,2025-06-21,2,Lucknow,26.8467,80.9462,59.26,145,0.37,air,1.2,100,1.8,360.06
2025-06-02,2025-06-13,12,Mumbai,19.076,72.8777,60.06,212,0.01,train,1.1,100,1.96,2347.56
2025-05-18,2025-05-30,13,Jaipur,26.9124,75.7873,59.56,155,0.06,train,1.1,100,1.86,2417.74
2025-06-19,2025-06-28,10,Jaipur,26.9124,75.7873,60.3,66,0.12,road,1.0,100,1.66,1657.5
2025-06-30,2025-07-03,4,Hyderabad,17.385,78.4867,56.99,149,0.27,air,1.2,100,1.8,718.78
2025-06-14,2025-06-17,4,Mumbai,19.076,72.8777,46.94,184,0.28,air,1.2,100,1.82,727.48
2025-06-27,2025-07-04,8,Hyderabad,17.385,78.4867,59.05,213,0.35,air,1.2,100,1.99,1593.0
2025-06-14,2025-06-16,3,Pune,18.5204,73.8567,45.29,219,0.83,train,1.1,100,1.97,591.13
2025-05-02,2025-05-09,8,Lucknow,26.8467,80.9462,68.37,73,0.41,train,1.1,100,1.76,1407.88
2025-05-24,2025-06-07,15,Delhi,28.7041,77.1025,57.99,186,0.19,train,1.1,100,1.96,2939.93
2025-06-21,2025-07-02,12,Bengaluru,12.9716,77.5946,67.76,148,0.76,road,1.0,100,2.01,2408.16
2025-05-01,2025-05-11,11,Pune,18.5204,73.8567,41.14,175,0.76,air,1.2,100,1.94,2131.47
2025-05-23,2025-05-28,6,Delhi,28.7041,77.1025,40.51,149,0.33,road,1.0,100,1.73,1035.93
2025-05-14,2025-05-23,10,Pune,18.5204,73.8567,34.49,171,0.0,air,1.2,100,1.73,1734.45
2025-05-28,2025-05-31,4,Delhi,28.7041,77.1025,65.79,105,0.12,train,1.1,100,1.71,685.18
2025-05-19,2025-06-02,15,Pune,18.5204,73.8567,62.46,112,0.92,train,1.1,100,1.98,2970.45
2025-05-27,2025-05-31,5,Jaipur,26.9124,75.7873,43.13,67,0.35,train,1.1,100,1.58,789.83
2025-05-28,2025-05-29,2,Mumbai,19.076,72.8777,38.65,237,0.98,train,1.1,100,1.99,398.65
2025-05-18,2025-05-23,6,Mumbai,19.076,72.8777,66.39,121,0.32,train,1.1,100,1.81,1084.77
2025-06-09,2025-06-10,2,Kolkata,22.5726,88.3639,63.36,100,0.38,road,1.0,100,1.71,342.56
2025-06-03,2025-06-11,9,Bengaluru,12.9716,77.5946,63.88,200,0.1,road,1.0,100,1.93,1736.46
2025-05-26,2025-06-07,13,Chennai,13.0827,80.2707,55.5,107,0.69,air,1.2,100,1.88,2443.35
2025-06-05,2025-06-09,5,Chennai,13.0827,80.2707,62.32,136,0.88,road,1.0,100,1.91,954.8
2025-06-07,2025-06-10,4,Jaipur,26.9124,75.7873,55.88,125,0.93,train,1.1,100,1.87,746.16
2025-05-24,2025-05-25,2,Pune,18.5204,73.8567,38.1,67,0.58,air,1.2,100,1.58,316.1
2025-06-11,2025-06-26,16,Bengaluru,12.9716,77.5946,58.25,72,0.2,train,1.1,100,1.75,2792.4
2025-05-16,2025-05-30,15,Jaipur,26.9124,75.7873,41.85,197,0.85,train,1.1,100,2.03,3049.87
2025-06-04,2025-06-13,10,Pune,18.5204,73.8567,58.52,70,0.21,air,1.2,100,1.69,1694.6
2025-05-17,2025-05-22,6,Ahmedabad,23.0225,72.5714,55.82,225,0.8,road,1.0,100,2.05,1229.46
2025-05-12,2025-05-22,11,Mumbai,19.076,72.8777,53.44,186,0.25,air,1.2,100,1.92,2111.12
2025-06-24,2025-07-05,12,Chennai,13.0827,80.2707,31.85,227,0.06,train,1.1,100,1.86,2226.3
2025-05-22,2025-05-28,7,Mumbai,19.076,72.8777,31.26,174,0.32,train,1.1,100,1.75,1223.81
2025-06-05,2025-06-17,13,Kolkata,22.5726,88.3639,59.15,84,0.32,air,1.2,100,1.78,2311.07
2025-05-16,2025-05-17,2,Lucknow,26.8467,80.9462,30.63,127,0.29,road,1.0,100,1.59,317.03
2025-05-16,2025-05-30,15,Mumbai,19.076,72.8777,60.83,115,0.33,road,1.0,100,1.85,2775.22
2025-05-03,2025-05-16,14,Bengaluru,12.9716,77.5946,66.9,236,0.89,train,1.1,100,2.23,3128.3
2025-06-17,2025-06-23,7,Mumbai,19.076,72.8777,63.13,145,0.81,road,1.0,100,1.94,1356.36
2025-05-17,2025-05-24,8,Lucknow,26.8467,80.9462,61.98,105,0.23,road,1.0,100,1.75,1396.72
2025-06-17,2025-06-18,2,Kolkata,22.5726,88.3639,69.6,137,0.34,road,1.0,100,1.81,362.0
2025-05-23,2025-05-27,5,Pune,18.5204,73.8567,53.35,209,0.49,air,1.2,100,1.95,976.38
2025-06-14,2025-06-23,10,Chennai,13.0827,80.2707,69.63,139,0.69,air,1.2,100,1.98,1984.15
2025-05-12,2025-05-23,12,Ahmedabad,23.0225,72.5714,60.62,133,0.76,road,1.0,100,1.94,2329.32
2025-06-05,2025-06-20,16,Kolkata,22.5726,88.3639,46.26,173,0.82,road,1.0,100,2.0,3202.08
2025-05-16,2025-05-28,13,Kolkata,22.5726,88.3639,62.02,239,0.53,air,1.2,100,2.14,2787.33
2025-06-09,2025-06-16,8,Mumbai,19.076,72.8777,59.72,109,0.71,air,1.2,100,1.86,1486.88
2025-06-16,2025-06-18,3,Jaipur,26.9124,75.7873,33.19,222,0.1,air,1.2,100,1.78,533.99
2025-06-02,2025-06-09,8,Mumbai,19.076,72.8777,45.14,96,0.88,road,1.0,100,1.77,1418.96
2025-06-10,2025-06-15,6,Mumbai,19.076,72.8777,36.42,213,0.56,road,1.0,100,1.88,1128.06
2025-06-18,2025-06-22,5,Jaipur,26.9124,75.7873,38.24,234,0.22,road,1.0,100,1.85,926.6
2025-06-16,2025-06-22,7,Lucknow,26.8467,80.9462,60.77,101,0.12,air,1.2,100,1.72,1203.89
2025-05-11,2025-05-22,12,Bengaluru,12.9716,77.5946,41.69,213,0.06,road,1.0,100,1.87,2239.74
2025-05-03,2025-05-06,4,Ahmedabad,23.0225,72.5714,39.26,115,0.19,air,1.2,100,1.62,649.72
2025-06-02,2025-06-16,15,Ahmedabad,23.0225,72.5714,36.54,142,0.33,road,1.0,100,1.78,2674.05
2025-06-20,2025-07-02,13,Pune,18.5204,73.8567,58.48,147,0.8,air,1.2,100,2.0,2595.32
2025-06-07,2025-06-15,9,Chennai,13.0827,80.2707,46.58,227,0.28,train,1.1,100,1.94,1748.61
2025-06-01,2025-06-09,9,Delhi,28.7041,77.1025,35.22,74,0.75,train,1.1,100,1.67,1506.69
2025-06-27,2025-06-29,3,Chennai,13.0827,80.2707,41.76,201,0.73,train,1.1,100,1.9,569.04
2025-06-28,2025-07-08,11,Delhi,28.7041,77.1025,53.02,156,0.56,road,1.0,100,1.9,2089.01
2025-06-12,2025-06-16,5,Lucknow,26.8467,80.9462,47.97,80,0.11,road,1.0,100,1.57,785.92
2025-06-19,2025-07-01,13,Kolkata,22.5726,88.3639,44.8,96,0.21,road,1.0,100,1.69,2194.4
2025-05-20,2025-05-28,9,Chennai,13.0827,80.2707,45.49,83,0.03,train,1.1,100,1.6,1439.51
2025-05-13,2025-05-24,12,Hyderabad,17.385,78.4867,54.02,178,0.69,train,1.1,100,1.99,2392.92
2025-06-03,2025-06-07,5,Pune,18.5204,73.8567,33.94,143,0.45,road,1.0,100,1.7,847.85
2025-06-12,2025-06-13,2,Jaipur,26.9124,75.7873,43.62,154,0.04,road,1.0,100,1.65,330.82
2025-05-12,2025-05-21,10,Mumbai,19.076,72.8777,60.44,178,0.6,train,1.1,100,1.99,1988.2
2025-06-08,2025-06-10,3,Chennai,13.0827,80.2707,61.08,92,0.25,road,1.0,100,1.67,500.82
2025-06-30,2025-07-01,2,Chennai,13.0827,80.2707,49.88,135,0.49,train,1.1,100,1.75,349.48
2025-06-13,2025-06-22,10,Lucknow,26.8467,80.9462,63.51,106,0.81,road,1.0,100,1.89,1891.55
2025-05-28,2025-06-10,14,Chennai,13.0827,80.2707,31.49,227,0.04,train,1.1,100,1.87,2617.23
2025-06-14,2025-06-20,7,Ahmedabad,23.0225,72.5714,60.72,242,0.01,train,1.1,100,1.97,1378.72
2025-05-30,2025-06-13,15,Pune,18.5204,73.8567,52.73,160,0.73,air,1.2,100,2.0,2999.47
2025-06-14,2025-06-17,4,Bengaluru,12.9716,77.5946,65.25,160,0.72,train,1.1,100,1.94,776.1
2025-06-22,2025-07-02,11,Delhi,28.7041,77.1025,46.82,145,0.14,air,1.2,100,1.78,1960.31
2025-06-22,2025-07-03,12,Delhi,28.7041,77.1025,41.49,102,0.74,air,1.2,100,1.8,2159.34
2025-06-28,2025-06-30,3,Lucknow,26.8467,80.9462,62.64,183,0.83,road,1.0,100,1.98,592.56
2025-06-12,2025-06-13,2,Pune,18.5204,73.8567,60.41,241,0.73,road,1.0,100,2.05,410.01
2025-05-17,2025-05-22,6,Kolkata,22.5726,88.3639,31.22,72,0.76,air,1.2,100,1.63,979.26
2025-06-04,2025-06-07,4,Bengaluru,12.9716,77.5946,46.67,85,0.65,train,1.1,100,1.68,673.34
2025-05-20,2025-06-04,16,Hyderabad,17.385,78.4867,42.9,88,0.23,air,1.2,100,1.72,2746.4
2025-05-21,2025-06-04,15,Chennai,13.0827,80.2707,68.5,148,0.25,train,1.1,100,1.95,2922.75
2025-06-09,2025-06-22,14,Chennai,13.0827,80.2707,31.83,193,0.29,train,1.1,100,1.85,2594.41
2025-06-09,2025-06-16,8,Chennai,13.0827,80.2707,56.05,128,0.2,train,1.1,100,1.77,1413.0
2025-06-19,2025-06-26,8,Mumbai,19.076,72.8777,61.1,216,0.08,road,1.0,100,1.93,1546.8
2025-05-15,2025-05-27,13,Jaipur,26.9124,75.7873,49.78,153,0.68,road,1.0,100,1.92,2497.17
2025-05-08,2025-05-21,14,Pune,18.5204,73.8567,57.99,170,0.4,air,1.2,100,1.97,2757.93
2025-06-26,2025-07-06,11,Hyderabad,17.385,78.4867,59.3,72,0.64,train,1.1,100,1.79,1967.35
2025-06-07,2025-06-13,7,Hyderabad,17.385,78.4867,68.25,155,0.49,air,1.2,100,1.94,1357.48
2025-05-27,2025-06-02,7,Bengaluru,12.9716,77.5946,59.2,117,0.95,road,1.0,100,1.89,1323.0
2025-05-12,2025-05-13,2,Kolkata,22.5726,88.3639,52.91,208,0.68,train,1.1,100,1.95,389.31
2025-06-25,2025-07-02,8,Pune,18.5204,73.8567,58.89,201,0.27,train,1.1,100,1.94,1552.36
2025-06-30,2025-07-01,2,Lucknow,26.8467,80.9462,43.34,247,0.92,train,1.1,100,2.02,404.94
2025-05-06,2025-05-12,7,Hyderabad,17.385,78.4867,61.35,123,0.52,road,1.0,100,1.83,1278.73
2025-05-08,2025-05-17,10,Kolkata,22.5726,88.3639,44.08,112,0.31,train,1.1,100,1.72,1716.4
2025-06-24,2025-06-26,3,Kolkata,22.5726,88.3639,39.12,240,0.5,air,1.2,100,1.93,577.68
2025-06-10,2025-06-18,9,Ahmedabad,23.0225,72.5714,45.06,128,0.94,train,1.1,100,1.87,1682.37
2025-06-03,2025-06-05,3,Bengaluru,12.9716,77.5946,37.76,118,0.49,train,1.1,100,1.66,498.84
2025-06-16,2025-06-19,4,Lucknow,26.8467,80.9462,30.2,133,0.18,train,1.1,100,1.6,641.2
2025-06-14,2025-06-18,5,Chennai,13.0827,80.2707,67.75,196,0.08,train,1.1,100,1.91,953.38
2025-06-20,2025-06-23,4,Lucknow,26.8467,80.9462,41.36,150,0.23,air,1.2,100,1.71,685.12
2025-05-06,2025-05-15,10,Lucknow,26.8467,80.9462,41.97,202,0.13,road,1.0,100,1.84,1839.85
2025-05-08,2025-05-11,4,Bengaluru,12.9716,77.5946,56.46,189,0.68,road,1.0,100,1.94,774.52
2025-05-19,2025-05-22,4,Kolkata,22.5726,88.3639,59.86,77,0.98,air,1.2,100,1.81,723.72
2025-05-22,2025-06-01,11,Delhi,28.7041,77.1025,33.44,135,0.58,road,1.0,100,1.76,1939.52
2025-06-15,2025-06-22,8,Kolkata,22.5726,88.3639,59.57,60,0.59,road,1.0,100,1.72,1372.68
2025-05-28,2025-05-29,2,Bengaluru,12.9716,77.5946,68.01,118,0.41,train,1.1,100,1.79,357.61
2025-06-08,2025-06-12,5,Ahmedabad,23.0225,72.5714,51.27,248,0.18,road,1.0,100,1.94,969.18
2025-06-11,2025-06-22,12,Lucknow,26.8467,80.9462,55.84,102,0.46,air,1.2,100,1.82,2178.24
2025-06-13,2025-06-20,8,Chennai,13.0827,80.2707,58.3,184,0.52,train,1.1,100,1.95,1562.8
2025-06-25,2025-07-03,9,Lucknow,26.8467,80.9462,37.7,63,0.52,train,1.1,100,1.62,1456.65
2025-05-22,2025-05-25,4,Mumbai,19.076,72.8777,30.94,141,0.42,air,1.2,100,1.68,672.28
2025-05-17,2025-05-20,4,Chennai,13.0827,80.2707,33.15,201,0.63,train,1.1,100,1.84,737.5
2025-06-07,2025-06-11,5,Delhi,28.7041,77.1025,42.54,94,0.87,road,1.0,100,1.72,862.35
2025-05-20,2025-06-02,14,Kolkata,22.5726,88.3639,44.37,208,0.38,road,1.0,100,1.95,2735.39
2025-06-13,2025-06-21,9,Bengaluru,12.9716,77.5946,53.03,102,0.15,air,1.2,100,1.71,1538.24
2025-06-04,2025-06-19,16,Jaipur,26.9124,75.7873,35.34,193,0.08,road,1.0,100,1.84,2941.92
2025-06-09,2025-06-22,14,Mumbai,19.076,72.8777,60.28,176,0.27,train,1.1,100,1.96,2740.36
2025-06-22,2025-07-02,11,Mumbai,19.076,72.8777,68.17,72,0.28,air,1.2,100,1.77,1947.94
2025-05-20,2025-05-22,3,Pune,18.5204,73.8567,69.49,117,0.07,train,1.1,100,1.74,520.63
2025-06-20,2025-06-29,10,Mumbai,19.076,72.8777,55.17,179,0.98,train,1.1,100,2.04,2039.85
2025-05-27,2025-06-01,6,Kolkata,22.5726,88.3639,68.18,143,0.27,train,1.1,100,1.85,1110.54
2025-06-14,2025-06-26,13,Lucknow,26.8467,80.9462,53.11,72,0.66,train,1.1,100,1.78,2316.01
2025-06-27,2025-07-07,11,Chennai,13.0827,80.2707,60.76,157,0.97,air,1.2,100,2.04,2245.98
2025-05-25,2025-05-31,7,Delhi,28.7041,77.1025,41.0,148,0.53,train,1.1,100,1.79,1250.9
2025-05-18,2025-05-24,7,Pune,18.5204,73.8567,59.56,155,0.77,air,1.2,100,1.95,1366.26
2025-06-22,2025-06-23,2,Pune,18.5204,73.8567,46.62,220,0.13,road,1.0,100,1.82,363.82
2025-06-14,2025-06-17,4,Chennai,13.0827,80.2707,39.8,117,0.95,train,1.1,100,1.77,709.2
2025-05-16,2025-05-28,13,Bengaluru,12.9716,77.5946,49.2,118,0.37,road,1.0,100,1.79,2321.8
2025-05-16,2025-05-31,16,Delhi,28.7041,77.1025,49.55,72,0.28,road,1.0,100,1.71,2732.4
2025-06-29,2025-07-05,7,Hyderabad,17.385,78.4867,44.47,128,0.36,air,1.2,100,1.74,1218.25
2025-05-21,2025-05-23,3,Mumbai,19.076,72.8777,46.16,161,0.14,air,1.2,100,1.73,519.24
2025-06-19,2025-06-24,6,Pune,18.5204,73.8567,45.42,101,0.74,train,1.1,100,1.75,1048.26
2025-05-29,2025-06-07,10,Hyderabad,17.385,78.4867,57.96,110,0.68,road,1.0,100,1.85,1845.8
2025-05-25,2025-05-27,3,Pune,18.5204,73.8567,39.06,73,0.05,train,1.1,100,1.49,447.39
2025-05-14,2025-05-17,4,Chennai,13.0827,80.2707,66.13,95,0.34,air,1.2,100,1.75,699.46
2025-05-31,2025-06-11,12,Mumbai,19.076,72.8777,64.62,133,0.82,road,1.0,100,1.97,2367.72
2025-06-04,2025-06-08,5,Delhi,28.7041,77.1025,30.02,98,0.75,road,1.0,100,1.65,823.05
2025-05-03,2025-05-13,11,Pune,18.5204,73.8567,66.38,130,0.69,road,1.0,100,1.94,2133.89
2025-05-22,2025-05-26,5,Jaipur,26.9124,75.7873,59.94,127,0.14,air,1.2,100,1.75,875.85
2025-05-16,2025-05-22,7,Kolkata,22.5726,88.3639,66.54,88,0.83,train,1.1,100,1.85,1298.29
2025-06-23,2025-06-28,6,Mumbai,19.076,72.8777,65.49,178,0.75,road,1.0,100,1.99,1196.07
2025-06-01,2025-06-11,11,Chennai,13.0827,80.2707,39.65,183,0.99,train,1.1,100,1.98,2180.48
2025-06-13,2025-06-21,9,Mumbai,19.076,72.8777,51.55,104,0.8,air,1.2,100,1.84,1652.17
2025-05-24,2025-06-06,14,Pune,18.5204,73.8567,43.86,74,0.24,train,1.1,100,1.67,2331.42
2025-05-17,2025-05-20,4,Chennai,13.0827,80.2707,49.53,170,0.16,road,1.0,100,1.76,703.86
2025-05-10,2025-05-19,10,Delhi,28.7041,77.1025,35.07,241,0.79,air,1.2,100,2.04,2035.35
2025-06-09,2025-06-20,12,Jaipur,26.9124,75.7873,43.78,127,0.9,air,1.2,100,1.89,2271.48
2025-05-22,2025-06-06,16,Ahmedabad,23.0225,72.5714,38.42,102,0.36,air,1.2,100,1.75,2796.96
2025-05-15,2025-05-18,4,Hyderabad,17.385,78.4867,50.52,160,0.28,train,1.1,100,1.78,711.44
2025-06-10,2025-06-11,2,Bengaluru,12.9716,77.5946,54.41,149,0.45,train,1.1,100,1.79,358.01
2025-06-29,2025-07-04,6,Pune,18.5204,73.8567,64.74,182,0.82,road,1.0,100,2.01,1207.02
2025-06-26,2025-07-09,14,Hyderabad,17.385,78.4867,30.66,90,0.3,air,1.2,100,1.65,2314.62
2025-06-20,2025-06-24,5,Kolkata,22.5726,88.3639,35.17,229,0.07,train,1.1,100,1.81,903.93
2025-06-14,2025-06-28,15,Jaipur,26.9124,75.7873,30.07,239,0.85,train,1.1,100,2.06,3087.52
2025-05-28,2025-05-29,2,Hyderabad,17.385,78.4867,48.86,86,0.92,train,1.1,100,1.73,346.06
2025-05-17,2025-05-18,2,Ahmedabad,23.0225,72.5714,68.46,203,0.79,train,1.1,100,2.04,407.26
2025-06-08,2025-06-18,11,Jaipur,26.9124,75.7873,38.69,144,0.79,air,1.2,100,1.87,2056.39
2025-05-05,2025-05-08,4,Hyderabad,17.385,78.4867,32.51,183,0.2,road,1.0,100,1.71,683.42
2025-05-19,2025-06-03,16,Chennai,13.0827,80.2707,51.84,85,0.9,train,1.1,100,1.88,3006.72
2025-06-29,2025-07-08,10,Jaipur,26.9124,75.7873,49.78,144,0.36,air,1.2,100,1.83,1828.9
2025-05-03,2025-05-15,13,Chennai,13.0827,80.2707,68.91,146,0.87,road,1.0,100,2.04,2652.71
2025-06-20,2025-06-30,11,Ahmedabad,23.0225,72.5714,41.73,142,0.62,air,1.2,100,1.85,2031.32
2025-05-30,2025-06-01,3,Bengaluru,12.9716,77.5946,48.34,146,0.62,air,1.2,100,1.81,542.31
2025-06-12,2025-06-17,6,Chennai,13.0827,80.2707,57.06,130,0.55,train,1.1,100,1.83,1095.18
2025-05-11,2025-05-14,4,Chennai,13.0827,80.2707,39.94,241,0.87,air,1.2,100,2.02,806.28
2025-06-25,2025-06-27,3,Lucknow,26.8467,80.9462,32.29,73,0.18,road,1.0,100,1.47,442.04
2025-06-06,2025-06-08,3,Pune,18.5204,73.8567,34.58,183,0.11,train,1.1,100,1.7,510.27
2025-06-12,2025-06-26,15,Kolkata,22.5726,88.3639,67.54,79,0.57,road,1.0,100,1.86,2789.55
2025-05-10,2025-05-20,11,Bengaluru,12.9716,77.5946,36.22,171,0.52,road,1.0,100,1.84,2020.81
2025-06-04,2025-06-06,3,Mumbai,19.076,72.8777,64.6,136,0.99,air,1.2,100,1.94,582.9
2025-06-12,2025-06-26,15,Kolkata,22.5726,88.3639,61.94,226,0.2,train,1.1,100,2.06,3092.55
2025-05-26,2025-06-02,8,Delhi,28.7041,77.1025,38.07,163,0.69,train,1.1,100,1.84,1475.48
2025-06-30,2025-07-07,8,Jaipur,26.9124,75.7873,56.47,87,0.48,train,1.1,100,1.74,1393.88
2025-06-27,2025-07-05,9,Chennai,13.0827,80.2707,48.89,91,0.76,air,1.2,100,1.79,1609.61
2025-05-15,2025-05-18,4,Hyderabad,17.385,78.4867,46.63,242,0.51,air,1.2,100,1.98,791.66
2025-05-19,2025-05-23,5,Jaipur,26.9124,75.7873,33.21,96,0.42,train,1.1,100,1.6,801.03
2025-06-19,2025-07-01,13,Kolkata,22.5726,88.3639,49.01,213,0.72,road,1.0,100,2.05,2658.56
2025-05-15,2025-05-26,12,Mumbai,19.076,72.8777,37.28,94,0.61,road,1.0,100,1.72,2059.68
2025-05-11,2025-05-19,9,Bengaluru,12.9716,77.5946,62.79,198,0.6,air,1.2,100,2.04,1835.96
2025-05-21,2025-05-26,6,Mumbai,19.076,72.8777,59.29,157,0.26,train,1.1,100,1.83,1099.47
2025-06-28,2025-07-09,12,Pune,18.5204,73.8567,43.25,144,0.71,air,1.2,100,1.89,2263.5
2025-06-30,2025-07-15,16,Kolkata,22.5726,88.3639,43.95,233,0.59,train,1.1,100,2.07,3318.0
2025-06-16,2025-06-25,10,Delhi,28.7041,77.1025,54.31,227,0.77,road,1.0,100,2.08,2079.55
2025-06-04,2025-06-13,10,Pune,18.5204,73.8567,39.06,182,0.06,train,1.1,100,1.78,1781.3
2025-05-06,2025-05-16,11,Jaipur,26.9124,75.7873,54.23,212,0.31,road,1.0,100,1.97,2163.87
2025-06-25,2025-06-30,6,Hyderabad,17.385,78.4867,33.35,157,0.56,air,1.2,100,1.77,1063.65
2025-05-13,2025-05-26,14,Lucknow,26.8467,80.9462,45.75,242,0.71,train,1.1,100,2.1,2946.65
2025-05-08,2025-05-21,14,Lucknow,26.8467,80.9462,44.8,215,0.43,air,1.2,100,2.0,2800.0
2025-05-06,2025-05-10,5,Hyderabad,17.385,78.4867,58.56,188,0.69,air,1.2,100,1.98,988.4
2025-05-29,2025-06-08,11,Ahmedabad,23.0225,72.5714,35.59,213,0.97,road,1.0,100,2.01,2208.75
2025-05-28,2025-06-09,13,Jaipur,26.9124,75.7873,43.97,174,0.14,air,1.2,100,1.85,2399.61
2025-06-07,2025-06-11,5,Jaipur,26.9124,75.7873,68.77,112,0.63,road,1.0,100,1.84,921.93
2025-06-27,2025-07-10,14,Delhi,28.7041,77.1025,65.04,75,0.26,road,1.0,100,1.77,2474.08
2025-05-09,2025-05-24,16,Jaipur,26.9124,75.7873,34.54,120,0.3,road,1.0,100,1.73,2772.32
2025-05-01,2025-05-06,6,Bengaluru,12.9716,77.5946,46.28,196,0.25,road,1.0,100,1.83,1100.04
2025-06-21,2025-06-23,3,Kolkata,22.5726,88.3639,37.45,137,0.56,train,1.1,100,1.71,513.98
2025-05-04,2025-05-16,13,Bengaluru,12.9716,77.5946,50.89,144,0.29,road,1.0,100,1.83,2379.59
2025-06-06,2025-06-12,7,Delhi,28.7041,77.1025,50.9,90,0.96,train,1.1,100,1.81,1264.55
2025-05-07,2025-05-16,10,Ahmedabad,23.0225,72.5714,39.24,110,0.81,train,1.1,100,1.79,1788.2
2025-06-06,2025-06-18,13,Mumbai,19.076,72.8777,57.44,204,0.55,road,1.0,100,2.04,2645.76
2025-06-05,2025-06-19,15,Ahmedabad,23.0225,72.5714,37.95,91,0.11,air,1.2,100,1.66,2495.62
2025-06-26,2025-07-03,8,Kolkata,22.5726,88.3639,38.39,164,0.06,road,1.0,100,1.71,1369.56
2025-05-05,2025-05-09,5,Mumbai,19.076,72.8777,50.01,222,0.74,road,1.0,100,1.99,996.03
2025-05-13,2025-05-23,11,Kolkata,22.5726,88.3639,53.05,193,0.9,air,1.2,100,2.06,2267.38
2025-06-04,2025-06-19,16,Jaipur,26.9124,75.7873,46.36,190,0.16,air,1.2,100,1.92,3078.08
2025-06-21,2025-07-03,13,Bengaluru,12.9716,77.5946,68.65,77,0.25,train,1.1,100,1.79,2323.43
2025-05-04,2025-05-10,7,Kolkata,22.5726,88.3639,49.34,134,0.95,train,1.1,100,1.88,1319.29
2025-05-05,2025-05-11,7,Hyderabad,17.385,78.4867,43.13,180,0.48,air,1.2,100,1.86,1303.15
2025-05-06,2025-05-18,13,Jaipur,26.9124,75.7873,51.79,99,0.02,train,1.1,100,1.7,2211.24
2025-06-12,2025-06-17,6,Jaipur,26.9124,75.7873,61.87,91,0.66,air,1.2,100,1.8,1082.01
2025-05-01,2025-05-06,6,Mumbai,19.076,72.8777,65.72,213,0.06,road,1.0,100,1.93,1155.96
2025-06-03,2025-06-08,6,Kolkata,22.5726,88.3639,68.48,198,0.31,air,1.2,100,1.98,1188.24
2025-06-10,2025-06-21,12,Delhi,28.7041,77.1025,32.76,83,0.68,air,1.2,100,1.71,2046.96
2025-05-15,2025-05-17,3,Lucknow,26.8467,80.9462,59.9,169,0.63,train,1.1,100,1.9,571.05
2025-05-04,2025-05-06,3,Pune,18.5204,73.8567,57.73,148,0.6,air,1.2,100,1.85,556.4
2025-05-13,2025-05-25,13,Delhi,28.7041,77.1025,56.5,237,0.45,air,1.2,100,2.1,2725.45
2025-06-09,2025-06-16,8,Kolkata,22.5726,88.3639,36.19,93,0.01,train,1.1,100,1.56,1247.16
2025-06-11,2025-06-14,4,Kolkata,22.5726,88.3639,54.97,72,0.15,train,1.1,100,1.6,639.54
2025-05-30,2025-06-08,10,Pune,18.5204,73.8567,39.33,171,0.91,road,1.0,100,1.92,1920.65
2025-05-02,2025-05-09,8,Jaipur,26.9124,75.7873,55.6,80,0.76,road,1.0,100,1.77,1416.0
2025-05-06,2025-05-15,10,Pune,18.5204,73.8567,39.82,200,0.63,train,1.1,100,1.94,1935.1
2025-06-12,2025-06-18,7,Jaipur,26.9124,75.7873,64.32,148,0.36,air,1.2,100,1.88,1315.72
2025-05-27,2025-06-03,8,Jaipur,26.9124,75.7873,58.95,226,0.07,road,1.0,100,1.94,1552.6
2025-06-06,2025-06-16,11,Lucknow,26.8467,80.9462,64.28,243,0.96,train,1.1,100,2.22,2441.34
2025-05-07,2025-05-14,8,Mumbai,19.076,72.8777,62.64,172,0.92,road,1.0,100,2.02,1616.96
2025-05-24,2025-05-30,7,Delhi,28.7041,77.1025,44.15,164,0.73,road,1.0,100,1.86,1305.33
2025-05-11,2025-05-25,15,Kolkata,22.5726,88.3639,66.72,126,0.22,road,1.0,100,1.88,2819.4
2025-06-24,2025-06-28,5,Kolkata,22.5726,88.3639,33.11,108,0.62,air,1.2,100,1.68,837.78
2025-05-30,2025-05-31,2,Kolkata,22.5726,88.3639,30.85,214,0.12,train,1.1,100,1.74,347.25
2025-06-16,2025-06-18,3,Kolkata,22.5726,88.3639,41.11,249,0.46,air,1.2,100,1.95,583.66
2025-05-16,2025-05-18,3,Bengaluru,12.9716,77.5946,31.27,180,0.21,air,1.2,100,1.71,512.5
2025-05-21,2025-05-25,5,Mumbai,19.076,72.8777,31.0,199,0.8,road,1.0,100,1.86,931.5
2025-05-15,2025-05-19,5,Chennai,13.0827,80.2707,40.57,168,0.9,train,1.1,100,1.88,939.43
2025-05-15,2025-05-22,8,Bengaluru,12.9716,77.5946,63.64,225,0.78,road,1.0,100,2.1,1683.36
2025-06-26,2025-07-01,6,Pune,18.5204,73.8567,35.09,131,0.13,air,1.2,100,1.64,986.07
2025-06-06,2025-06-11,6,Hyderabad,17.385,78.4867,31.07,78,0.31,road,1.0,100,1.53,920.01
2025-06-25,2025-06-29,5,Jaipur,26.9124,75.7873,53.79,109,0.36,air,1.2,100,1.73,864.48
2025-05-13,2025-05-23,11,Chennai,13.0827,80.2707,30.14,73,0.9,train,1.1,100,1.7,1866.37
2025-05-06,2025-05-17,12,Ahmedabad,23.0225,72.5714,47.86,217,0.6,air,1.2,100,2.03,2439.96
2025-05-31,2025-06-08,9,Pune,18.5204,73.8567,37.62,187,0.43,road,1.0,100,1.84,1654.29
2025-06-21,2025-06-25,5,Pune,18.5204,73.8567,60.95,242,0.8,train,1.1,100,2.11,1054.38
2025-05-03,2025-05-16,14,Chennai,13.0827,80.2707,54.84,133,0.84,road,1.0,100,1.95,2727.48
2025-06-18,2025-06-23,6,Delhi,28.7041,77.1025,35.34,105,0.33,train,1.1,100,1.62,973.62
2025-06-17,2025-06-23,7,Kolkata,22.5726,88.3639,38.85,69,0.98,road,1.0,100,1.7,1188.78
2025-06-03,2025-06-17,15,Delhi,28.7041,77.1025,44.91,82,0.6,road,1.0,100,1.76,2637.83
2025-05-06,2025-05-18,13,Bengaluru,12.9716,77.5946,46.98,148,0.04,air,1.2,100,1.79,2325.57
2025-06-07,2025-06-21,15,Mumbai,19.076,72.8777,64.31,74,0.61,air,1.2,100,1.86,2792.32
2025-05-19,2025-05-23,5,Jaipur,26.9124,75.7873,48.28,82,0.26,air,1.2,100,1.63,813.7
2025-05-23,2025-06-07,16,Chennai,13.0827,80.2707,55.17,171,0.77,train,1.1,100,2.04,3266.96
2025-05-02,2025-05-14,13,Bengaluru,12.9716,77.5946,42.43,113,0.49,air,1.2,100,1.79,2322.0
2025-05-01,2025-05-10,10,Mumbai,19.076,72.8777,47.07,248,0.32,air,1.2,100,2.02,2015.35
2025-06-16,2025-06-20,5,Ahmedabad,23.0225,72.5714,32.51,237,0.14,train,1.1,100,1.82,912.28
2025-05-14,2025-05-24,11,Kolkata,22.5726,88.3639,58.33,127,0.73,road,1.0,100,1.9,2091.82
2025-05-29,2025-06-09,12,Chennai,13.0827,80.2707,58.23,210,0.93,train,1.1,100,2.13,2552.58
2025-05-04,2025-05-19,16,Kolkata,22.5726,88.3639,45.72,238,0.71,road,1.0,100,2.11,3370.56
2025-05-01,2025-05-08,8,Mumbai,19.076,72.8777,68.24,75,0.63,train,1.1,100,1.81,1445.76
2025-06-03,2025-06-07,5,Chennai,13.0827,80.2707,60.38,250,0.71,train,1.1,100,2.1,1051.95
2025-05-29,2025-06-02,5,Ahmedabad,23.0225,72.5714,40.52,146,0.33,train,1.1,100,1.72,860.3
2025-06-27,2025-07-12,16,Kolkata,22.5726,88.3639,36.88,225,0.37,air,1.2,100,1.99,3181.44
2025-05-30,2025-06-04,6,Lucknow,26.8467,80.9462,53.16,247,0.42,air,1.2,100,2.02,1214.28
2025-05-18,2025-05-25,8,Bengaluru,12.9716,77.5946,46.53,63,0.43,air,1.2,100,1.64,1315.72
2025-06-01,2025-06-05,5,Bengaluru,12.9716,77.5946,56.02,104,0.66,road,1.0,100,1.77,885.05
2025-05-24,2025-06-01,9,Kolkata,22.5726,88.3639,47.2,165,0.52,train,1.1,100,1.87,1683.0
2025-05-07,2025-05-17,11,Lucknow,26.8467,80.9462,34.66,78,0.5,train,1.1,100,1.65,1814.23
2025-05-05,2025-05-15,11,Lucknow,26.8467,80.9462,66.64,138,0.53,train,1.1,100,1.94,2128.72
2025-06-28,2025-07-09,12,Chennai,13.0827,80.2707,62.23,240,0.23,road,1.0,100,2.06,2468.58
2025-06-10,2025-06-20,11,Bengaluru,12.9716,77.5946,38.99,194,0.56,air,1.2,100,1.92,2117.45
2025-06-15,2025-06-20,6,Chennai,13.0827,80.2707,44.93,127,0.56,air,1.2,100,1.77,1062.39
2025-06-05,2025-06-14,10,Bengaluru,12.9716,77.5946,48.74,243,0.81,train,1.1,100,2.1,2101.7
2025-06-23,2025-06-29,7,Kolkata,22.5726,88.3639,43.72,246,0.52,air,1.2,100,2.0,1403.22
2025-05-13,2025-05-22,10,Jaipur,26.9124,75.7873,33.15,150,0.9,train,1.1,100,1.86,1855.75
2025-05-11,2025-05-14,4,Bengaluru,12.9716,77.5946,49.84,247,0.01,road,1.0,100,1.89,754.08
2025-06-03,2025-06-06,4,Kolkata,22.5726,88.3639,39.09,121,0.28,train,1.1,100,1.64,657.38
2025-06-19,2025-07-01,13,Bengaluru,12.9716,77.5946,36.35,80,0.64,road,1.0,100,1.7,2209.67
2025-06-02,2025-06-03,2,Mumbai,19.076,72.8777,35.46,191,0.67,air,1.2,100,1.83,366.66
2025-05-27,2025-06-03,8,Mumbai,19.076,72.8777,69.58,211,0.46,road,1.0,100,2.04,1633.52
2025-06-18,2025-06-28,11,Pune,18.5204,73.8567,59.27,115,0.05,road,1.0,100,1.75,1920.99
2025-05-11,2025-05-12,2,Pune,18.5204,73.8567,48.69,171,0.28,air,1.2,100,1.78,356.29
2025-06-28,2025-07-05,8,Lucknow,26.8467,80.9462,69.45,66,0.95,road,1.0,100,1.85,1479.4
2025-05-19,2025-05-30,12,Mumbai,19.076,72.8777,66.81,206,0.04,train,1.1,100,1.98,2380.86
2025-05-04,2025-05-13,10,Delhi,28.7041,77.1025,37.99,136,0.2,road,1.0,100,1.7,1701.95
2025-06-30,2025-07-11,12,Pune,18.5204,73.8567,47.57,124,0.36,air,1.2,100,1.8,2157.42
2025-05-09,2025-05-11,3,Mumbai,19.076,72.8777,39.46,192,0.07,road,1.0,100,1.73,517.59
2025-05-17,2025-05-21,5,Mumbai,19.076,72.8777,41.84,239,0.79,train,1.1,100,2.01,1002.6
2025-06-02,2025-06-12,11,Kolkata,22.5726,88.3639,63.94,107,0.05,road,1.0,100,1.75,1929.07
2025-05-11,2025-05-15,5,Lucknow,26.8467,80.9462,41.46,211,0.39,road,1.0,100,1.86,928.65
2025-05-25,2025-06-04,11,Ahmedabad,23.0225,72.5714,63.39,113,0.15,air,1.2,100,1.8,1983.25
2025-06-23,2025-06-25,3,Mumbai,19.076,72.8777,55.34,76,0.74,air,1.2,100,1.73,518.01
2025-06-13,2025-06-17,5,Mumbai,19.076,72.8777,54.73,128,0.48,train,1.1,100,1.79,892.83
2025-05-16,2025-05-19,4,Chennai,13.0827,80.2707,55.07,106,0.45,train,1.1,100,1.73,690.94
2025-05-15,2025-05-19,5,Delhi,28.7041,77.1025,34.0,141,0.26,road,1.0,100,1.65,827.0
2025-06-18,2025-06-27,10,Bengaluru,12.9716,77.5946,41.64,109,0.59,air,1.2,100,1.76,1764.2
2025-06-06,2025-06-16,11,Pune,18.5204,73.8567,37.36,106,0.59,road,1.0,100,1.73,1899.48
2025-05-13,2025-05-19,7,Lucknow,26.8467,80.9462,33.41,115,0.63,air,1.2,100,1.71,1199.13
2025-06-18,2025-06-21,4,Lucknow,26.8467,80.9462,54.21,185,0.08,air,1.2,100,1.82,726.82
2025-06-26,2025-07-02,7,Kolkata,22.5726,88.3639,40.0,98,0.18,train,1.1,100,1.61,1128.4
2025-05-15,2025-05-29,15,Hyderabad,17.385,78.4867,58.11,107,0.62,road,1.0,100,1.88,2817.83
2025-05-02,2025-05-13,12,Ahmedabad,23.0225,72.5714,51.75,212,0.66,air,1.2,100,2.05,2465.7
2025-05-07,2025-05-08,2,Pune,18.5204,73.8567,59.43,135,0.09,train,1.1,100,1.72,343.03
2025-06-01,2025-06-15,15,Bengaluru,12.9716,77.5946,67.77,97,0.9,train,1.1,100,1.97,2959.27
2025-06-27,2025-07-05,9,Hyderabad,17.385,78.4867,31.65,133,0.24,road,1.0,100,1.66,1496.03
2025-06-30,2025-07-15,16,Mumbai,19.076,72.8777,67.54,62,0.17,road,1.0,100,1.76,2809.12
2025-05-03,2025-05-09,7,Jaipur,26.9124,75.7873,46.85,212,0.93,air,1.2,100,2.03,1423.98
2025-06-30,2025-07-15,16,Mumbai,19.076,72.8777,43.18,212,0.28,train,1.1,100,1.97,3145.44
2025-05-26,2025-06-07,13,Pune,18.5204,73.8567,63.25,141,0.28,road,1.0,100,1.88,2449.53
2025-05-21,2025-05-22,2,Chennai,13.0827,80.2707,57.78,101,0.64,train,1.1,100,1.75,349.78
2025-06-25,2025-07-09,15,Jaipur,26.9124,75.7873,62.27,219,0.04,air,1.2,100,2.03,3041.02
2025-05-01,2025-05-16,16,Hyderabad,17.385,78.4867,31.04,224,0.02,road,1.0,100,1.87,2987.52
2025-06-15,2025-06-27,13,Pune,18.5204,73.8567,65.7,165,0.26,air,1.2,100,1.96,2548.65
2025-05-22,2025-05-23,2,Bengaluru,12.9716,77.5946,67.2,232,0.4,air,1.2,100,2.02,404.0
2025-05-28,2025-06-08,12,Jaipur,26.9124,75.7873,47.25,184,0.17,road,1.0,100,1.86,2229.9
2025-06-20,2025-07-03,14,Lucknow,26.8467,80.9462,33.25,164,0.09,road,1.0,100,1.75,2453.15
2025-05-19,2025-05-28,10,Bengaluru,12.9716,77.5946,62.91,98,0.43,air,1.2,100,1.82,1816.55
2025-06-17,2025-06-22,6,Jaipur,26.9124,75.7873,61.88,167,0.01,air,1.2,100,1.83,1095.24
2025-05-16,2025-05-28,13,Chennai,13.0827,80.2707,60.1,70,0.83,road,1.0,100,1.84,2387.45
2025-05-13,2025-05-26,14,Pune,18.5204,73.8567,32.57,74,0.67,road,1.0,100,1.68,2358.79
2025-06-23,2025-07-05,13,Lucknow,26.8467,80.9462,67.16,64,0.9,road,1.0,100,1.87,2435.94
2025-06-02,2025-06-15,14,Jaipur,26.9124,75.7873,65.3,205,0.88,train,1.1,100,2.16,3027.5
2025-05-19,2025-06-01,14,Kolkata,22.5726,88.3639,54.22,124,0.14,train,1.1,100,1.8,2515.94
2025-06-07,2025-06-19,13,Hyderabad,17.385,78.4867,30.34,229,0.7,train,1.1,100,1.99,2586.61
2025-05-01,2025-05-14,14,Chennai,13.0827,80.2707,58.56,227,0.68,air,1.2,100,2.14,2999.92
2025-06-29,2025-07-02,4,Pune,18.5204,73.8567,65.44,227,0.74,air,1.2,100,2.09,835.68
2025-06-20,2025-07-01,12,Mumbai,19.076,72.8777,34.23,220,0.75,train,1.1,100,1.99,2389.38
2025-05-18,2025-05-19,2,Hyderabad,17.385,78.4867,59.0,86,0.56,road,1.0,100,1.7,339.8
2025-06-09,2025-06-22,14,Delhi,28.7041,77.1025,31.78,218,0.78,air,1.2,100,2.01,2815.26
2025-05-15,2025-05-16,2,Bengaluru,12.9716,77.5946,55.61,142,0.04,air,1.2,100,1.71,342.01
2025-06-23,2025-07-03,11,Mumbai,19.076,72.8777,51.22,188,0.4,air,1.2,100,1.94,2136.31
2025-06-23,2025-06-28,6,Delhi,28.7041,77.1025,63.58,78,0.53,train,1.1,100,1.75,1049.94
2025-05-10,2025-05-17,8,Mumbai,19.076,72.8777,38.94,192,0.4,train,1.1,100,1.85,1478.96
2025-06-25,2025-07-04,10,Jaipur,26.9124,75.7873,49.39,167,0.79,air,1.2,100,1.96,1958.95
2025-05-07,2025-05-13,7,Delhi,28.7041,77.1025,61.51,122,0.26,train,1.1,100,1.78,1248.49
2025-05-19,2025-05-23,5,Mumbai,19.076,72.8777,60.28,126,0.67,air,1.2,100,1.86,928.7
2025-06-15,2025-06-17,3,Hyderabad,17.385,78.4867,63.95,87,0.35,road,1.0,100,1.69,508.12
2025-06-13,2025-06-28,16,Chennai,13.0827,80.2707,31.21,235,0.41,road,1.0,100,1.97,3148.88
2025-06-23,2025-06-30,8,Chennai,13.0827,80.2707,50.65,165,0.62,air,1.2,100,1.91,1525.8
2025-06-15,2025-06-24,10,Delhi,28.7041,77.1025,61.72,80,0.35,train,1.1,100,1.75,1748.6
2025-06-02,2025-06-13,12,Mumbai,19.076,72.8777,68.15,61,0.5,air,1.2,100,1.8,2163.3
2025-05-25,2025-06-05,12,Lucknow,26.8467,80.9462,33.51,239,0.05,train,1.1,100,1.89,2262.66
2025-06-12,2025-06-22,11,Delhi,28.7041,77.1025,55.83,234,0.75,train,1.1,100,2.12,2328.87
