user_id,Age,Gender,Annual_Income,OccupationRisk,Number_of_Dependents,Premium_Price
user_0001,56,F,2384146,Low,4,22768.29
user_0002,69,M,410375,Low,3,21320.75
user_0003,46,M,2226453,High,2,27852.91
user_0004,32,M,1371300,Low,4,16742.6
user_0005,60,M,1144327,High,5,30188.65
user_0006,25,M,293783,Medium,0,10987.57
user_0007,38,M,2215904,High,3,22531.81
user_0008,56,M,1115416,Low,2,17230.83
user_0009,36,M,2033460,Low,5,19566.92
user_0010,40,F,768755,Medium,4,17937.51
user_0011,28,F,2414181,High,5,25928.36
user_0012,28,F,1007669,Medium,3,16915.34
user_0013,41,F,1204849,Low,1,15909.7
user_0014,53,F,1764742,Medium,3,23629.48
user_0015,57,M,1939903,Medium,0,19479.81
user_0016,41,F,477844,Medium,3,21055.69
user_0017,20,F,110699,Medium,4,16621.4
user_0018,39,F,634003,High,4,20868.01
user_0019,19,M,218413,Medium,3,15336.83
user_0020,41,M,2082243,Low,4,22164.49
user_0021,61,M,1792128,Medium,1,25884.26
user_0022,47,M,1892113,Low,5,23284.23
user_0023,55,F,315400,Medium,3,20730.8
user_0024,19,F,1965690,Medium,1,15831.38
user_0025,38,M,492136,Low,5,16484.27
user_0026,50,Other,489954,Low,5,20479.91
user_0027,29,F,2235219,Low,1,13970.44
user_0028,39,M,1846621,High,2,20293.24
user_0029,61,M,118073,High,3,31936.15
user_0030,42,M,136035,Low,5,19772.07
user_0031,66,M,1344625,High,5,37389.25
user_0032,44,M,333782,Medium,4,22267.56
user_0033,59,M,2018370,Low,5,23536.74
user_0034,45,M,714805,Low,1,14929.61
user_0035,33,M,1683246,Medium,5,21266.49
user_0036,32,F,826331,Medium,2,15052.66
user_0037,64,M,1894291,Medium,3,29088.58
user_0038,68,F,2259081,Low,3,25018.16
user_0039,61,M,857771,Low,5,25215.54
user_0040,69,Other,767689,Medium,0,22335.38
user_0041,20,M,387313,Low,0,8774.63
user_0042,54,M,187468,Low,1,13874.94
user_0043,68,Other,2143037,Low,0,20286.07
user_0044,24,F,291703,High,1,15683.41
user_0045,38,F,1193609,High,4,21987.22
user_0046,26,M,1222437,Medium,1,14344.87
user_0047,56,M,393894,High,0,21187.79
user_0048,35,F,1713325,Low,5,18926.65
user_0049,21,Other,1226798,Medium,4,18853.6
user_0050,42,F,1959234,Low,0,15918.47
user_0051,31,F,2122234,Medium,1,16144.47
user_0052,67,M,1803377,High,2,33806.75
user_0053,26,F,1352557,Medium,3,17605.11
user_0054,43,M,204211,Low,0,12408.42
user_0055,19,M,1590687,Medium,1,15081.37
user_0056,37,M,587689,Low,4,15175.38
user_0057,45,F,1023160,High,0,22446.32
user_0058,64,M,1178560,Medium,0,23157.12
user_0059,24,M,2359776,Medium,3,19619.55
user_0060,61,F,793045,Medium,1,23886.09
user_0061,25,M,1091469,Medium,2,15582.94
user_0062,64,F,245788,Low,4,22491.58
user_0063,52,M,738387,Medium,1,18576.77
user_0064,31,F,1068616,Low,4,16137.23
user_0065,34,F,123429,Medium,0,10646.86
user_0066,53,M,1350956,High,3,27601.91
user_0067,67,M,1590036,High,3,34880.07
user_0068,57,M,1909377,Medium,5,26918.75
user_0069,21,M,1165923,Medium,2,15731.85
user_0070,19,Other,1820856,Low,3,16141.71
user_0071,23,M,656110,Medium,0,11712.22
user_0072,59,F,1064163,Low,2,17128.33
user_0073,21,M,1630891,Medium,1,15161.78
user_0074,46,F,107967,Low,3,16715.93
user_0075,35,F,2422523,Low,2,15845.05
user_0076,43,F,1357100,Medium,0,18314.2
user_0077,61,F,1313261,Low,5,26126.52
user_0078,51,M,652467,Medium,4,22904.93
user_0079,27,M,351537,Low,4,14703.07
user_0080,53,Other,1856124,Low,0,15712.25
user_0081,31,F,941531,Medium,0,12283.06
user_0082,48,Other,964645,Low,4,19929.29
user_0083,65,M,1528127,Low,5,26556.25
user_0084,32,F,1035772,Medium,2,15471.54
user_0085,25,Other,571082,Low,4,15142.16
user_0086,31,M,2021277,High,0,17642.55
user_0087,40,M,160545,Low,3,12821.09
user_0088,57,F,2421046,Low,1,18342.09
user_0089,38,F,2196594,Medium,5,22293.19
user_0090,33,F,1715777,Low,5,18931.55
user_0091,62,M,2447649,Low,3,25395.3
user_0092,35,F,1073181,Low,3,14646.36
user_0093,64,M,1591633,Low,0,19183.27
user_0094,41,M,801692,High,4,28003.38
user_0095,43,M,1633854,Low,2,18267.71
user_0096,42,F,2161774,Medium,5,27423.55
user_0097,62,F,1304680,High,5,37309.36
user_0098,58,F,1865524,Medium,3,23831.05
user_0099,46,M,1350632,High,4,29101.26
user_0100,32,F,2116411,Low,5,19732.82
user_0101,62,M,2422621,High,2,35045.24
user_0102,18,F,2075154,Low,3,16650.31
user_0103,42,M,237478,Medium,2,19074.96
user_0104,24,M,1009711,Medium,4,18419.42
user_0105,26,F,1719715,Low,5,18939.43
user_0106,41,M,1727687,Medium,1,20555.37
user_0107,18,F,2220464,Medium,5,22340.93
user_0108,61,F,1060612,Low,4,24121.22
user_0109,25,M,527387,Low,5,16554.77
user_0110,41,F,2033731,Medium,5,27167.46
user_0111,28,M,1644613,Medium,0,13689.23
user_0112,68,F,1397638,High,5,37495.28
user_0113,34,Other,535684,Medium,5,18971.37
user_0114,25,F,2254174,High,2,21108.35
user_0115,52,M,1330844,Medium,1,19761.69
user_0116,52,Other,589626,Low,2,16179.25
user_0117,50,F,388859,Low,2,15777.72
user_0118,22,M,914037,Medium,3,16728.07
user_0119,59,M,1772717,Medium,0,19145.43
user_0120,56,F,655462,Low,2,16310.92
user_0121,58,F,1027460,Low,4,20054.92
user_0122,45,F,1646236,High,4,29692.47
user_0123,24,F,1341597,Medium,5,20583.19
user_0124,26,F,2390870,Medium,3,19681.74
user_0125,25,M,694305,Medium,0,11788.61
user_0126,29,M,163037,Low,0,8326.07
user_0127,51,M,1382789,Low,5,22265.58
user_0128,50,F,304366,Low,4,18608.73
user_0129,65,M,602420,Low,1,18704.84
user_0130,40,F,2351401,Medium,3,19602.8
user_0131,41,F,1434742,Medium,5,25969.48
user_0132,54,F,1779161,High,3,28458.32
user_0133,52,M,1138199,High,4,28676.4
user_0134,61,F,760902,Low,4,23521.8
user_0135,57,M,1638112,Medium,1,20376.22
user_0136,39,F,1209004,Medium,1,14318.01
user_0137,44,M,1826676,High,0,24053.35
user_0138,52,M,1470073,Low,3,19440.15
user_0139,18,F,1785996,Medium,3,18471.99
user_0140,52,M,1336180,Medium,4,24272.36
user_0141,54,M,802436,Low,0,13604.87
user_0142,64,F,2459459,Low,5,28418.92
user_0143,31,F,1452144,Medium,3,17804.29
user_0144,20,F,1651330,Medium,0,13702.66
user_0145,18,F,1071248,Low,0,10142.5
user_0146,22,F,563547,Medium,4,17527.09
user_0147,43,M,1284446,Low,0,14568.89
user_0148,31,M,1433140,Medium,1,14766.28
user_0149,56,M,1793439,Low,1,17086.88
user_0150,44,Other,1931094,High,2,27262.19
user_0151,26,F,1159325,Low,4,16318.65
user_0152,32,M,1829057,Low,5,19158.11
user_0153,32,F,2063571,Low,2,15127.14
user_0154,43,Other,1448207,Low,1,16396.41
user_0155,59,M,325019,Medium,2,19250.04
user_0156,30,F,1575153,Low,4,17150.31
user_0157,68,F,1956231,High,4,37112.46
user_0158,49,F,697218,Low,0,13394.44
user_0159,56,M,917052,Low,3,18334.1
user_0160,66,F,2085957,Low,0,20171.91
user_0161,69,Other,819401,Low,4,23638.8
user_0162,49,F,2175020,Low,1,17850.04
user_0163,21,F,1528080,Medium,5,20956.16
user_0164,47,Other,1201928,Medium,1,19503.86
user_0165,54,F,2200343,Medium,0,20000.69
user_0166,40,M,2025544,Medium,5,21951.09
user_0167,56,F,1344289,Medium,4,24288.58
user_0168,62,F,542939,Low,1,18585.88
user_0169,32,M,1152207,Medium,4,18704.41
user_0170,60,F,404224,High,5,28708.45
user_0171,46,Other,320169,Medium,5,23740.34
user_0172,53,Other,1562073,Medium,1,20224.15
user_0173,30,F,652959,Low,4,15305.92
user_0174,49,M,1795675,Medium,2,22191.35
user_0175,24,Other,2419124,Medium,4,21238.25
user_0176,68,F,2173290,Medium,5,32646.58
user_0177,39,M,1538454,High,4,22676.91
user_0178,45,Other,848321,Low,0,13696.64
user_0179,19,F,1827408,Low,2,14654.82
user_0180,59,F,1155675,Medium,3,22411.35
user_0181,62,F,1922550,High,0,31045.1
user_0182,23,M,1065188,Low,3,14630.38
user_0183,45,M,654399,Low,1,14808.8
user_0184,45,M,2261088,Low,3,21022.18
user_0185,61,F,2420484,Low,4,26840.97
user_0186,61,M,587510,Medium,3,26475.02
user_0187,37,M,2260682,Medium,5,22421.36
user_0188,47,M,1700946,Low,0,15401.89
user_0189,28,F,1773879,Low,0,11547.76
user_0190,45,Other,1880752,Low,3,20261.5
user_0191,42,M,2018596,Low,0,16037.19
user_0192,56,M,974772,Medium,5,25049.54
user_0193,50,F,241214,High,0,20882.43
user_0194,18,F,1721219,High,3,21542.44
user_0195,44,M,503082,Low,2,16006.16
user_0196,69,F,301139,High,2,30802.28
user_0197,30,M,1128494,Medium,1,14156.99
user_0198,58,M,1121318,Medium,0,17842.64
user_0199,20,F,1599698,Medium,3,18099.4
user_0200,56,M,1307786,Low,0,14615.57
user_0201,23,Other,192601,Low,4,14385.2
user_0202,25,M,729085,Low,5,16958.17
user_0203,44,F,2059925,Low,0,16119.85
user_0204,26,F,1618087,Low,0,11236.17
user_0205,54,M,1809375,Medium,2,22218.75
user_0206,50,F,2113321,Medium,5,27326.64
user_0207,68,M,1977541,Medium,3,29255.08
user_0208,59,Other,703103,Low,0,13406.21
user_0209,61,M,139279,High,2,30478.56
user_0210,41,M,471931,High,1,22843.86
user_0211,32,M,2089968,Medium,5,22079.94
user_0212,49,Other,2345854,High,2,28091.71
user_0213,49,F,1209639,Medium,2,21019.28
user_0214,41,F,1402887,High,2,26205.77
user_0215,58,M,1839080,Low,0,15678.16
user_0216,69,F,545377,Low,0,17090.75
user_0217,66,M,1638510,Low,1,20777.02
user_0218,66,F,1357008,Low,4,24714.02
user_0219,69,M,2379203,Low,4,26758.41
user_0220,29,M,1043693,Medium,4,18487.39
user_0221,56,M,1601352,Medium,5,26302.7
user_0222,19,F,223257,Medium,5,18346.51
user_0223,20,F,1417630,Low,1,12335.26
user_0224,66,M,1103171,High,5,36906.34
user_0225,54,F,2153607,Medium,4,25907.21
user_0226,66,F,1470485,Low,4,24940.97
user_0227,34,F,1781076,Medium,2,16962.15
user_0228,66,M,1711935,Low,5,26923.87
user_0229,19,M,212990,Low,0,8425.98
user_0230,19,F,1218095,High,0,16036.19
user_0231,45,M,1158079,Low,2,17316.16
user_0232,40,M,1340351,Medium,2,16080.7
user_0233,54,F,1081883,High,2,25563.77
user_0234,49,Other,1768321,Medium,0,19136.64
user_0235,50,M,813226,Low,4,19626.45
user_0236,18,M,1718702,Low,2,14437.4
user_0237,36,F,2060208,Low,1,13620.42
user_0238,19,M,1600071,Medium,2,16600.14
user_0239,61,M,126806,Medium,3,25553.61
user_0240,43,M,1324648,Low,2,17649.3
user_0241,49,F,515384,High,0,21430.77
user_0242,23,F,170119,Medium,5,18240.24
user_0243,49,M,1973722,Low,2,18947.44
user_0244,21,M,1333741,Medium,5,20567.48
user_0245,28,M,1619603,Medium,3,18139.21
user_0246,34,F,2068541,Low,1,13637.08
user_0247,55,M,1850740,Low,5,23201.48
user_0248,41,M,963403,High,4,28326.81
user_0249,22,F,979903,Medium,2,15359.81
user_0250,69,M,985421,Medium,3,27270.84
user_0251,51,F,184080,Medium,3,20468.16
user_0252,23,M,1401367,Low,5,18302.73
user_0253,39,M,1078836,Low,1,11657.67
user_0254,28,M,2490137,Medium,0,15380.27
user_0255,65,F,2321599,Low,2,23643.2
user_0256,33,F,2317181,Low,3,17134.36
user_0257,50,F,279830,High,1,22459.66
user_0258,26,M,1656518,High,4,22913.04
user_0259,23,F,406094,Medium,3,15712.19
user_0260,33,M,1336497,High,1,17772.99
user_0261,46,M,1511220,Low,0,15022.44
user_0262,20,F,783404,High,0,15166.81
user_0263,37,M,1647261,Low,3,15794.52
user_0264,53,M,966183,High,3,26832.37
user_0265,36,M,722893,High,5,22545.79
user_0266,43,M,941965,Medium,2,20483.93
user_0267,20,M,444710,High,1,15989.42
user_0268,36,F,732543,Medium,3,16365.09
user_0269,37,M,551157,Low,2,12102.31
user_0270,49,F,1206581,Medium,5,25513.16
user_0271,24,F,1365898,Medium,2,16131.8
user_0272,69,M,2220539,Low,3,24941.08
user_0273,58,M,980412,Medium,0,17560.82
user_0274,50,M,1852844,High,1,25605.69
user_0275,57,F,2341281,Low,1,18182.56
user_0276,56,M,1792110,Medium,0,19184.22
user_0277,35,F,417875,High,3,18935.75
user_0278,57,M,1828794,High,1,25557.59
user_0279,18,F,1328337,High,3,20756.67
user_0280,28,M,584814,Medium,5,19069.63
user_0281,45,M,1326134,High,3,27552.27
user_0282,42,Other,1730668,Medium,2,22061.34
user_0283,67,F,1519541,Low,0,19039.08
user_0284,40,M,1152330,Medium,3,17204.66
user_0285,48,F,1699908,Medium,5,26499.82
user_0286,47,F,2264412,Low,4,22528.82
user_0287,59,F,1215488,Medium,0,18030.98
user_0288,52,F,2453847,Medium,1,22007.69
user_0289,24,M,2084117,Low,2,15168.23
user_0290,33,M,968374,Medium,1,13836.75
user_0291,43,M,1855548,Medium,5,26811.1
user_0292,65,F,129725,Medium,5,28559.45
user_0293,69,F,1285574,Low,1,20071.15
user_0294,66,M,204555,Low,0,16409.11
user_0295,19,M,2458638,Low,1,14417.28
user_0296,18,F,895928,High,3,19891.86
user_0297,65,Other,1729311,Low,1,20958.62
user_0298,29,F,988036,Medium,2,15376.07
user_0299,22,M,1925977,Low,2,14851.95
user_0300,54,M,2430255,Low,4,22860.51
user_0301,49,M,1082599,High,2,25565.2
user_0302,26,Other,2252299,Medium,1,16404.6
user_0303,58,M,2498083,Low,2,19996.17
user_0304,52,F,2441991,Medium,0,20483.98
user_0305,36,M,646015,Low,2,12292.03
user_0306,65,F,1243657,Medium,3,27787.31
user_0307,33,F,1533441,Medium,0,13466.88
user_0308,20,F,1740920,Low,4,17481.84
user_0309,37,M,1807017,Low,3,16114.03
user_0310,41,M,789556,Low,1,15079.11
user_0311,50,M,2353722,High,1,26607.44
user_0312,41,Other,1749729,High,1,25399.46
user_0313,69,F,1216271,Low,3,22932.54
user_0314,28,F,2314387,Medium,3,19528.77
user_0315,66,F,1589493,Low,3,23678.99
user_0316,25,F,1781641,Low,0,11563.28
user_0317,53,M,1167609,Medium,5,25435.22
user_0318,55,Other,616409,High,0,21632.82
user_0319,57,M,766165,High,1,23432.33
user_0320,37,M,1343085,Medium,5,20586.17
user_0321,52,F,1526445,Low,2,18052.89
user_0322,65,M,2342168,Medium,1,26984.34
user_0323,42,M,382017,Low,4,18764.03
user_0324,52,F,1840687,Medium,0,19281.37
user_0325,42,M,2035090,Low,3,20570.18
user_0326,46,F,845182,Medium,0,17290.36
user_0327,35,M,516978,Low,3,13533.96
user_0328,63,M,1133316,Low,5,25766.63
user_0329,35,M,724771,High,4,21049.54
user_0330,19,M,1682460,Low,5,18864.92
user_0331,52,F,1780403,Medium,4,25160.81
user_0332,33,M,642601,Low,0,9285.2
user_0333,58,F,2048183,Low,3,20596.37
user_0334,53,F,1870485,Low,5,23240.97
user_0335,50,F,1263490,Low,4,20526.98
user_0336,21,Other,647993,High,1,16395.99
user_0337,50,F,2301044,Low,1,18102.09
user_0338,31,M,1412743,High,5,23925.49
user_0339,38,M,1339444,Medium,3,17578.89
user_0340,65,M,2027205,Medium,5,32354.41
user_0341,37,F,204195,Medium,0,10808.39
user_0342,25,M,1182424,Medium,4,18764.85
user_0343,24,F,1032883,Medium,0,12465.77
user_0344,20,F,1438486,Low,1,12376.97
user_0345,34,M,1126630,Low,4,16253.26
user_0346,50,F,2265251,High,5,32430.5
user_0347,65,M,1577852,High,0,30355.7
user_0348,29,M,1820023,High,2,20240.05
user_0349,68,F,586275,Medium,3,26472.55
user_0350,39,F,398871,Medium,3,15697.74
user_0351,39,F,1257655,Medium,2,15915.31
user_0352,63,M,1394929,Medium,1,25089.86
user_0353,47,M,1343294,Low,4,20686.59
user_0354,55,F,2126683,Medium,3,24353.37
user_0355,55,F,996816,Low,2,16993.63
user_0356,62,F,543031,Low,5,24586.06
user_0357,68,M,1190668,High,2,32581.34
user_0358,25,F,2350041,Low,1,14200.08
user_0359,44,M,2372158,Low,1,18244.32
user_0360,44,M,1885516,Low,0,15771.03
user_0361,51,Other,1416189,High,3,27732.38
user_0362,38,M,390998,Medium,0,11182.0
user_0363,47,Other,761616,Medium,2,20123.23
user_0364,50,M,1928022,High,4,30256.04
user_0365,45,M,2273408,High,4,30946.82
user_0366,64,F,1509854,Low,1,20519.71
user_0367,50,F,281360,Medium,4,22162.72
user_0368,22,F,1438106,Medium,4,19276.21
user_0369,65,F,1391210,Medium,4,29582.42
user_0370,36,F,1033688,Low,2,13067.38
user_0371,21,F,2230939,High,4,24061.88
user_0372,52,F,1601584,Medium,5,26303.17
user_0373,66,M,1969059,Low,4,25938.12
user_0374,34,F,411955,Medium,4,17223.91
user_0375,61,M,2227599,Low,0,20455.2
user_0376,45,Other,2325198,Low,2,19650.4
user_0377,47,Other,839290,Medium,1,18778.58
user_0378,46,M,1665070,Low,0,15330.14
user_0379,63,F,741147,Medium,3,26782.29
user_0380,23,Other,288490,Medium,2,13976.98
user_0381,52,M,604409,Low,5,20708.82
user_0382,58,F,616595,High,2,24633.19
user_0383,54,Other,763689,Low,3,18027.38
user_0384,41,M,2363089,Low,3,21226.18
user_0385,46,F,1195426,Low,3,18890.85
user_0386,66,M,343306,Low,1,18186.61
user_0387,63,Other,2426133,Low,4,26852.27
user_0388,48,Other,1839461,Medium,2,22278.92
user_0389,52,Other,2250224,High,4,30900.45
user_0390,50,F,1626322,Low,4,21252.64
user_0391,69,F,1171860,Medium,5,30643.72
user_0392,38,F,2127410,Medium,3,19154.82
user_0393,49,M,2280521,High,1,26461.04
user_0394,40,F,911554,Medium,5,19723.11
user_0395,50,M,687100,Low,0,13374.2
user_0396,20,F,2481732,Low,1,14463.46
user_0397,35,M,1977971,Medium,4,20355.94
user_0398,42,M,869097,High,1,23638.19
user_0399,59,M,2449316,Low,3,21398.63
user_0400,48,F,1436921,Low,0,14873.84
user_0401,20,M,2347939,High,3,22795.88
user_0402,57,F,260381,High,0,20920.76
user_0403,63,M,1819014,High,5,38338.03
user_0404,41,M,1677969,Medium,4,24955.94
user_0405,67,F,1004098,Low,0,18008.2
user_0406,49,F,1505568,Medium,0,18611.14
user_0407,64,M,168920,Medium,0,21137.84
user_0408,39,F,930051,Low,1,11360.1
user_0409,40,F,2204683,Medium,5,22309.37
user_0410,19,F,1811672,Medium,1,15523.34
user_0411,44,M,1811646,Low,4,21623.29
user_0412,59,M,1735288,Medium,0,19070.58
user_0413,19,F,2329655,Medium,5,22559.31
user_0414,43,M,1878539,High,5,31657.08
user_0415,34,F,764917,Low,2,12529.83
user_0416,57,F,1514022,Low,4,21028.04
user_0417,50,Other,1052246,Medium,5,25204.49
user_0418,26,F,119675,Low,0,8239.35
user_0419,60,Other,173997,Medium,0,15947.99
user_0420,65,M,2345239,Medium,5,32990.48
user_0421,56,F,1067561,Low,1,15635.12
user_0422,46,M,2098671,Medium,4,25797.34
user_0423,59,F,586799,Medium,0,16773.6
user_0424,43,F,855678,Low,5,21211.36
user_0425,52,F,2338057,High,0,25076.11
user_0426,67,Other,370040,High,5,35440.08
user_0427,42,F,1574764,Medium,4,24749.53
user_0428,41,M,666088,Medium,5,24432.18
user_0429,30,M,1244620,Medium,2,15889.24
user_0430,24,F,2464643,High,5,26029.29
user_0431,53,M,1862999,Medium,5,26826.0
user_0432,62,M,758003,Medium,4,28316.01
user_0433,37,M,905113,High,5,22910.23
user_0434,18,M,2116106,Low,4,18232.21
user_0435,25,M,1033396,High,2,18666.79
user_0436,63,M,933731,Low,4,23867.46
user_0437,33,M,1703546,Low,0,11407.09
user_0438,31,M,2192101,Low,4,18384.2
user_0439,29,Other,1900830,High,2,20401.66
user_0440,68,M,2059310,High,3,35818.62
user_0441,40,M,1556081,Medium,5,21012.16
user_0442,32,F,215359,Medium,4,16830.72
user_0443,45,M,2114410,Medium,5,27328.82
user_0444,51,Other,2263859,High,1,26427.72
user_0445,19,F,351351,Medium,0,11102.7
user_0446,49,M,1387087,Low,0,14774.17
user_0447,40,M,1384294,Low,1,12268.59
user_0448,39,F,2247753,Medium,1,16395.51
user_0449,68,Other,1784351,Medium,4,30368.7
user_0450,42,F,1826605,Low,1,17153.21
user_0451,39,F,1612760,Low,3,15725.52
user_0452,39,M,1562436,High,5,24224.87
user_0453,66,Other,351924,Low,5,24203.85
user_0454,69,M,1963236,Medium,2,27726.47
user_0455,59,Other,2446582,High,1,26793.16
user_0456,23,F,1699792,Medium,1,15299.58
user_0457,32,F,380466,Low,3,13260.93
user_0458,60,F,550930,Medium,0,16701.86
user_0459,54,M,1498616,High,0,23397.23
user_0460,50,M,653343,Medium,5,24406.69
user_0461,25,M,1810524,High,5,24721.05
user_0462,61,M,2465600,Low,4,26931.2
user_0463,61,F,1308948,Medium,3,27917.9
user_0464,22,M,191006,Medium,2,13782.01
user_0465,56,M,229350,High,2,23858.7
user_0466,21,Other,788725,Low,3,14077.45
user_0467,23,F,888768,High,2,18377.54
user_0468,62,Other,306487,Medium,0,21412.97
user_0469,49,Other,2295004,Low,2,19590.01
user_0470,69,M,778841,Low,2,20557.68
user_0471,47,M,2477770,High,3,29855.54
user_0472,64,F,1326408,Low,3,23152.82
user_0473,52,F,145232,Low,2,15290.46
user_0474,57,M,1357669,Low,1,16215.34
user_0475,69,F,1126657,High,3,33953.31
user_0476,33,M,1479904,Medium,4,19359.81
user_0477,30,M,1537188,Medium,4,19474.38
user_0478,67,F,1756321,Low,0,19512.64
user_0479,59,F,638645,Medium,2,19877.29
user_0480,47,F,1671951,Medium,1,20443.9
user_0481,36,M,1260248,High,0,16120.5
user_0482,34,F,430817,High,2,17461.63
user_0483,36,M,1738497,Low,3,15976.99
user_0484,45,M,964690,Medium,4,23529.38
user_0485,43,F,1217862,Low,5,21935.72
user_0486,54,Other,2290421,Medium,1,21680.84
user_0487,43,F,2455787,Low,5,24411.57
user_0488,40,F,2267354,Low,4,18534.71
user_0489,26,F,1197353,Low,5,17894.71
user_0490,29,F,2345218,Medium,3,19590.44
user_0491,18,M,953695,Low,2,12907.39
user_0492,18,M,290706,Medium,3,15481.41
user_0493,64,M,724446,Medium,5,29748.89
user_0494,51,M,897232,Low,3,18294.46
user_0495,49,F,924255,Medium,4,23448.51
user_0496,65,F,380852,Low,1,18261.7
user_0497,42,M,688158,Medium,3,21476.32
user_0498,57,M,965139,Medium,4,23530.28
user_0499,62,F,1678638,Low,1,20857.28
user_0500,18,M,1290631,Low,2,13581.26
user_0501,33,F,2031342,Low,5,19562.68
user_0502,56,F,2191635,High,2,27783.27
user_0503,22,F,2081019,Medium,0,14562.04
user_0504,39,F,2311738,Medium,4,21023.48
user_0505,46,F,1598492,Medium,1,20296.98
user_0506,20,M,389768,Low,3,13279.54
user_0507,29,F,2368185,Medium,2,18136.37
user_0508,43,F,1661456,Medium,1,20422.91
user_0509,33,M,1826199,Low,4,17652.4
user_0510,68,F,375709,Low,0,16751.42
user_0511,54,F,274023,Low,2,15548.05
user_0512,39,F,977611,Medium,5,19855.22
user_0513,46,F,543945,High,1,22987.89
user_0514,31,F,2215810,Low,5,19931.62
user_0515,45,F,121253,Medium,1,17342.51
user_0516,22,F,2376787,Low,1,14253.57
user_0517,64,F,2354614,High,4,37909.23
user_0518,66,F,2407249,Low,4,26814.5
user_0519,47,F,1050162,Medium,4,23700.32
user_0520,63,F,1374634,Medium,3,28049.27
user_0521,69,M,958379,Medium,1,24216.76
user_0522,22,F,1328807,Medium,2,16057.61
user_0523,29,F,222775,Low,5,15945.55
user_0524,33,M,1069211,Low,4,16138.42
user_0525,43,F,2010947,Low,4,22021.89
user_0526,43,M,419972,Low,5,20339.94
user_0527,65,M,368854,Medium,5,29037.71
user_0528,38,F,514600,Low,1,10529.2
user_0529,56,M,2087118,Low,4,22174.24
user_0530,53,F,2369070,Medium,5,27838.14
user_0531,50,F,319055,High,3,25538.11
user_0532,47,F,2133901,Medium,3,24367.8
user_0533,54,M,1548763,Low,4,21097.53
user_0534,40,M,971877,Low,5,17443.75
user_0535,27,F,1356715,High,1,17813.43
user_0536,22,Other,180257,Low,1,9860.51
user_0537,53,F,1626534,Low,1,16753.07
user_0538,51,M,924143,Medium,0,17448.29
user_0539,69,F,2407697,Medium,4,31615.39
user_0540,48,F,628423,Medium,1,18356.85
user_0541,27,F,1024133,Low,3,14548.27
user_0542,36,M,471616,Low,5,16443.23
user_0543,49,F,2060155,High,2,27520.31
user_0544,18,F,875158,Low,2,12750.32
user_0545,22,Other,1868967,Medium,1,15637.93
user_0546,62,M,1968388,Medium,2,27736.78
user_0547,21,F,1016383,Medium,2,15432.77
user_0548,33,Other,379215,Low,0,8758.43
user_0549,41,M,373349,Low,3,17246.7
user_0550,33,Other,2059669,Medium,3,19019.34
user_0551,19,F,1940914,High,0,17481.83
user_0552,66,M,2060584,High,0,31321.17
user_0553,45,M,2129450,Low,2,19258.9
user_0554,49,F,1491405,Low,4,20982.81
user_0555,44,M,1521174,High,5,30942.35
user_0556,37,F,1516207,Medium,5,20932.41
user_0557,41,M,678688,High,2,24757.38
user_0558,29,F,131852,Low,5,15763.7
user_0559,67,M,1661588,Medium,0,24123.18
user_0560,52,F,133691,Medium,3,20367.38
user_0561,50,Other,494341,Medium,5,24088.68
user_0562,50,Other,1346713,Medium,2,21293.43
user_0563,68,F,632726,Low,4,23265.45
user_0564,60,M,1549796,Medium,2,21699.59
user_0565,54,F,896184,Low,1,15292.37
user_0566,29,M,1204002,Medium,2,15808.0
user_0567,20,M,339968,High,0,14279.94
user_0568,18,M,388963,Low,3,13277.93
user_0569,50,F,1410077,High,3,27720.15
user_0570,57,F,619165,Low,5,20738.33
user_0571,27,F,319780,Medium,0,11039.56
user_0572,60,M,1127557,High,1,24155.11
user_0573,61,M,1804581,Low,0,19609.16
user_0574,46,Other,1310578,Low,2,17621.16
user_0575,30,M,2096170,Medium,0,14592.34
user_0576,29,F,1593934,Low,0,11187.87
user_0577,48,M,1391627,Medium,1,19883.25
user_0578,63,F,1306123,High,2,32812.25
user_0579,19,F,1716596,Medium,4,19833.19
user_0580,68,M,1885559,Low,4,25771.12
user_0581,67,M,408449,Medium,3,26116.9
user_0582,52,F,633634,Medium,5,24367.27
user_0583,40,F,1161339,Low,0,10322.68
user_0584,34,M,290237,Medium,3,15480.47
user_0585,43,Other,956047,Medium,1,19012.09
user_0586,25,M,529332,Medium,4,17458.66
user_0587,46,M,1239929,Low,0,14479.86
user_0588,43,Other,321373,Medium,1,17742.75
user_0589,27,M,1506368,Low,5,18512.74
user_0590,43,F,945474,Low,1,15390.95
user_0591,51,M,1690963,High,0,23781.93
user_0592,68,M,471233,Medium,5,29242.47
user_0593,58,Other,1324744,Low,1,16149.49
user_0594,24,M,1875922,Low,5,19251.84
user_0595,21,F,768590,Low,0,9537.18
user_0596,67,M,2231018,Low,0,20462.04
user_0597,62,M,535071,Low,5,24570.14
user_0598,28,M,2384139,Low,2,15768.28
user_0599,46,F,394746,Medium,3,20889.49
user_0600,53,M,1616450,Medium,1,20332.9
user_0601,42,F,1337715,Medium,1,19775.43
user_0602,38,F,258588,Medium,2,13917.18
user_0603,53,Other,1802159,Low,2,18604.32
user_0604,27,M,2103426,High,2,20806.85
user_0605,54,F,1410875,High,4,29221.75
user_0606,26,F,223950,High,4,20047.9
user_0607,41,F,429638,High,5,28759.28
user_0608,52,F,700517,High,4,27801.03
user_0609,66,F,1253224,Medium,0,23306.45
user_0610,52,F,138547,Low,5,19777.09
user_0611,65,M,2383520,Medium,1,27067.04
user_0612,53,M,645735,Medium,3,21391.47
user_0613,35,Other,1840534,Medium,0,14081.07
user_0614,66,F,1404766,Medium,1,25109.53
user_0615,56,F,2403554,Low,1,18307.11
user_0616,49,F,854105,Low,5,21208.21
user_0617,41,M,212782,High,2,23825.56
user_0618,40,M,727220,Medium,2,14854.44
user_0619,49,F,2075608,Medium,0,19751.22
user_0620,54,M,1111316,Low,2,17222.63
user_0621,29,M,543316,Low,1,10586.63
user_0622,66,F,2074259,High,2,34348.52
user_0623,30,M,1334915,Medium,4,19069.83
user_0624,40,F,575595,Medium,2,14551.19
user_0625,42,M,1565744,Medium,1,20231.49
user_0626,52,F,1988806,Medium,5,27077.61
user_0627,58,M,1652226,Low,0,15304.45
user_0628,47,F,2248091,Medium,3,24596.18
user_0629,34,M,1860462,Medium,2,17120.92
user_0630,66,M,2338673,Medium,1,26977.35
user_0631,37,M,1723154,Medium,3,18346.31
user_0632,65,F,973093,High,3,33646.19
user_0633,42,F,909178,Low,4,19818.36
user_0634,39,M,683098,High,3,19466.2
user_0635,30,F,576513,Low,5,16653.03
user_0636,36,F,1806533,Medium,1,15513.07
user_0637,66,F,821037,Low,1,19142.07
user_0638,53,M,1413379,Low,2,17826.76
user_0639,29,F,2323650,Medium,2,18047.3
user_0640,58,M,1121469,Low,2,17242.94
user_0641,36,M,1684973,Medium,5,21269.95
user_0642,29,Other,2481306,High,3,23062.61
user_0643,26,M,1912336,Low,3,16324.67
user_0644,24,F,239544,Medium,4,16879.09
user_0645,45,F,2443335,Medium,5,27986.67
user_0646,31,F,563001,Medium,2,14526.0
user_0647,48,F,1917189,Low,0,15834.38
user_0648,69,M,2251061,Low,4,26502.12
user_0649,36,M,1070834,Low,0,10141.67
user_0650,64,F,615693,Low,3,21731.39
user_0651,33,M,339017,Low,4,14678.03
user_0652,22,M,514994,Medium,4,17429.99
user_0653,52,M,1041768,High,1,23983.54
user_0654,29,M,1940083,High,3,21980.17
user_0655,42,M,1617740,Medium,3,23335.48
user_0656,69,M,1176941,Low,5,25853.88
user_0657,38,F,565982,Low,4,15131.96
user_0658,53,F,373146,Low,3,17246.29
user_0659,40,F,1424667,Low,4,16849.33
user_0660,33,M,1358870,Medium,5,20617.74
user_0661,56,M,2029848,Medium,5,27159.7
user_0662,62,M,1264795,Low,1,20029.59
user_0663,59,F,1489330,Low,4,20978.66
user_0664,56,F,1284141,High,3,27468.28
user_0665,31,M,658516,Medium,3,16217.03
user_0666,48,Other,1066920,Low,4,20133.84
user_0667,22,M,177175,High,4,19954.35
user_0668,52,F,2178808,High,4,30757.62
user_0669,40,F,1457453,Low,2,13914.91
user_0670,46,F,195028,Low,3,16890.06
user_0671,60,F,1658242,Medium,5,26416.48
user_0672,28,F,591450,High,3,19282.9
user_0673,35,M,225149,High,2,17050.3
user_0674,64,F,853704,Low,4,23707.41
user_0675,29,M,1351011,Low,1,12202.02
user_0676,26,F,263834,Medium,4,16927.67
user_0677,27,F,2467555,Medium,4,21335.11
user_0678,61,F,1329787,Low,2,21659.57
user_0679,34,F,1425569,High,3,20951.14
user_0680,55,F,1516828,Medium,4,24633.66
user_0681,24,F,2024717,High,3,22149.43
user_0682,63,F,957342,High,0,29114.68
user_0683,30,M,385711,Medium,5,18671.42
user_0684,57,M,1183868,Medium,3,22467.74
user_0685,59,M,1223389,Medium,1,19546.78
user_0686,26,M,675919,Low,5,16851.84
user_0687,67,F,2207037,Medium,1,26714.07
user_0688,44,M,2125739,Low,4,22251.48
user_0689,19,Other,952746,Medium,5,19805.49
user_0690,22,M,1475807,Low,3,15451.61
user_0691,46,M,522381,Low,5,20544.76
user_0692,54,F,1076433,Low,4,20152.87
user_0693,55,F,560244,Low,2,16120.49
user_0694,36,F,805860,Medium,1,13511.72
user_0695,25,F,1620943,Medium,4,19641.89
user_0696,65,F,1469363,Medium,2,26738.73
user_0697,62,M,2242052,Low,5,27984.1
user_0698,18,Other,1584738,Low,5,18669.48
user_0699,39,Other,501067,Low,4,15002.13
user_0700,69,F,1221268,Low,3,22942.54
user_0701,34,M,560796,High,5,22221.59
user_0702,24,F,2020444,Low,3,16540.89
user_0703,42,M,1900072,Low,3,20300.14
user_0704,62,M,1194979,Low,3,22889.96
user_0705,21,M,1764034,Low,0,11528.07
user_0706,53,F,895600,Medium,2,20391.2
user_0707,23,F,1104001,Medium,2,15608.0
user_0708,48,F,412023,Low,5,20324.05
user_0709,36,F,2175712,Low,5,19851.42
user_0710,61,M,591862,Low,3,21683.72
user_0711,56,M,855111,Low,0,13710.22
user_0712,44,M,2420715,Low,3,21341.43
user_0713,27,Other,2334805,High,0,18269.61
user_0714,43,M,210155,Medium,3,20520.31
user_0715,36,F,1999054,Medium,1,15898.11
user_0716,56,F,1650184,Medium,1,20400.37
user_0717,20,M,188668,Medium,4,16777.34
user_0718,62,F,2024914,Medium,3,29349.83
user_0719,30,F,2184508,Medium,5,22269.02
user_0720,67,F,653091,Medium,2,25106.18
user_0721,45,Other,1656396,Low,4,21312.79
user_0722,37,M,370914,Medium,5,18641.83
user_0723,45,M,1541985,Medium,1,20183.97
user_0724,25,F,462455,High,3,19024.91
user_0725,58,Other,379713,Medium,4,22359.43
user_0726,56,M,1134586,Medium,3,22369.17
user_0727,18,F,1946198,Low,1,13392.4
user_0728,20,F,1997832,Medium,4,20395.66
user_0729,30,F,1846688,Low,1,13193.38
user_0730,45,M,1836263,Low,0,15672.53
user_0731,66,F,1452790,Low,1,20405.58
user_0732,42,Other,2184504,Medium,3,24469.01
user_0733,50,M,2354736,Low,2,19709.47
user_0734,55,M,2488229,Low,1,18476.46
user_0735,23,Other,759738,High,5,22619.48
user_0736,61,M,1713447,Low,2,22426.89
user_0737,62,F,2020379,Medium,0,24840.76
user_0738,49,F,1259608,Medium,4,24119.22
user_0739,62,M,1355516,Low,4,24711.03
user_0740,64,F,1453324,Medium,2,26706.65
user_0741,38,M,2030082,Low,4,18060.16
user_0742,33,F,173869,Medium,1,12247.74
user_0743,38,M,1940418,Medium,2,17280.84
user_0744,28,F,969807,Medium,3,16839.61
user_0745,54,M,1859980,Medium,1,20819.96
user_0746,53,M,302416,Low,1,14104.83
user_0747,52,Other,1469277,Low,1,16438.55
user_0748,36,M,1428263,Medium,3,17756.53
user_0749,37,F,849971,Medium,0,12099.94
user_0750,35,M,365972,High,5,21831.94
user_0751,64,F,1442057,High,4,36084.11
user_0752,58,M,2333706,High,2,28067.41
user_0753,66,Other,2000341,Medium,0,24800.68
user_0754,31,F,585757,Low,2,12171.51
user_0755,32,M,2154376,Medium,4,20708.75
user_0756,48,M,2379176,Medium,3,24858.35
user_0757,18,M,1285111,Low,1,12070.22
user_0758,20,F,867524,High,1,16835.05
user_0759,33,M,1743312,High,3,21586.62
user_0760,40,F,2492919,Medium,0,15385.84
user_0761,28,M,1600948,Low,0,11201.9
user_0762,29,M,2232786,Low,2,15465.57
user_0763,27,F,955080,High,3,20010.16
user_0764,49,F,1694918,High,0,23789.84
user_0765,33,M,1742892,Low,3,15985.78
user_0766,25,M,573866,Low,4,15147.73
user_0767,55,M,1825322,High,1,25550.64
user_0768,29,F,1463501,Low,1,12427.0
user_0769,41,F,808140,Medium,1,18716.28
user_0770,45,F,292512,High,3,25485.02
user_0771,25,F,1061703,Low,3,14623.41
user_0772,45,F,1681074,Medium,2,21962.15
user_0773,53,F,1915111,Low,1,17330.22
user_0774,43,F,1751143,Low,2,18502.29
user_0775,25,M,291420,High,1,15682.84
user_0776,67,M,810644,Medium,2,25421.29
user_0777,45,M,1649420,High,2,26698.84
user_0778,45,M,2175915,Medium,4,25951.83
user_0779,54,F,2454476,Low,2,19908.95
user_0780,58,Other,747341,Low,3,17994.68
user_0781,53,M,1620982,Low,2,18241.96
user_0782,44,M,2187342,Low,1,17874.68
user_0783,34,F,2331984,Low,2,15663.97
user_0784,26,Other,1301838,Low,0,10603.68
user_0785,50,M,2264563,Medium,5,27629.13
user_0786,37,F,385521,Medium,1,12671.04
user_0787,30,M,1087073,Medium,0,12574.15
user_0788,45,M,1186787,Medium,1,19473.57
user_0789,65,Other,313981,Low,3,21127.96
user_0790,46,Other,2463040,Low,5,24426.08
user_0791,30,M,880926,Medium,5,19661.85
user_0792,63,Other,2484291,Medium,3,30268.58
user_0793,52,F,2195588,Low,5,23891.18
user_0794,23,F,110651,High,3,18321.3
user_0795,35,F,965363,Medium,0,12330.73
user_0796,68,F,537625,Medium,4,27875.25
user_0797,22,F,1298734,Low,1,12097.47
user_0798,64,F,1472070,Medium,3,28244.14
user_0799,42,M,1576402,Medium,1,20252.8
user_0800,19,M,355948,Medium,0,11111.9
user_0801,27,M,1670057,Medium,4,19740.11
user_0802,47,F,961069,High,0,22322.14
user_0803,67,M,1619825,Medium,5,31539.65
user_0804,62,F,956626,Low,1,19413.25
user_0805,22,Other,963349,Medium,4,18326.7
user_0806,50,M,2261352,Medium,5,27622.7
user_0807,18,F,1254424,Medium,4,18908.85
user_0808,35,M,206022,Low,5,15912.04
user_0809,49,F,1561331,Low,0,15122.66
user_0810,64,M,880741,High,3,33461.48
user_0811,66,F,1995066,Medium,1,26290.13
user_0812,28,F,570529,High,2,17741.06
user_0813,38,Other,261445,Medium,2,13922.89
user_0814,43,F,324605,Medium,0,16249.21
user_0815,42,F,2400199,Medium,1,21900.4
user_0816,39,F,2446920,High,1,19993.84
user_0817,44,F,784029,Medium,0,17168.06
user_0818,66,F,1243051,Medium,1,24786.1
user_0819,30,M,610370,Low,3,13720.74
user_0820,50,Other,1852374,Medium,0,19304.75
user_0821,51,F,320972,Medium,3,20741.94
user_0822,58,F,1841373,Low,1,17182.75
user_0823,52,M,308944,Low,0,12617.89
user_0824,18,F,1092382,Low,1,11684.76
user_0825,38,M,1791870,Low,0,11583.74
user_0826,65,F,1461303,Low,1,20422.61
user_0827,23,M,107461,Medium,3,15114.92
user_0828,45,F,572501,High,3,26045.0
user_0829,34,Other,1297162,Medium,1,14494.32
user_0830,22,M,1146161,Low,0,10292.32
user_0831,48,Other,594178,Low,2,16188.36
user_0832,22,M,2102348,Medium,3,19104.7
user_0833,55,F,2428648,Low,3,21357.3
user_0834,20,F,1879685,High,5,24859.37
user_0835,40,F,1997501,Medium,2,17395.0
user_0836,54,F,660315,Medium,1,18420.63
user_0837,54,F,2371073,Low,0,16742.15
user_0838,27,M,2035135,Medium,5,21970.27
user_0839,27,M,773218,Low,1,11046.44
user_0840,36,F,703291,High,4,21006.58
user_0841,34,F,807755,Medium,3,16515.51
user_0842,38,F,1479390,Low,4,16958.78
user_0843,31,F,1134262,Low,3,14768.52
user_0844,26,M,2279431,Low,3,17058.86
user_0845,63,F,115434,Medium,4,27030.87
user_0846,18,M,819407,Low,4,15638.81
user_0847,68,F,437913,Medium,1,23175.83
user_0848,62,M,2196952,Low,5,27893.9
user_0849,30,M,428821,Medium,5,18757.64
user_0850,21,M,2280707,High,4,24161.41
user_0851,18,M,1801243,Medium,1,15502.49
user_0852,66,F,1912375,Medium,5,32124.75
user_0853,57,M,2373958,Low,1,18247.92
user_0854,49,M,1099430,Low,1,15698.86
user_0855,51,M,168803,Medium,3,20437.61
user_0856,45,M,2026711,Low,5,23553.42
user_0857,48,M,907744,Medium,5,24915.49
user_0858,25,M,848736,Low,3,14197.47
user_0859,56,F,1626318,Low,4,21252.64
user_0860,43,F,799539,Low,3,18099.08
user_0861,51,F,345404,High,5,28590.81
user_0862,20,F,1451099,Low,5,18402.2
user_0863,67,M,117297,Medium,4,27034.59
user_0864,29,F,888443,Low,3,14276.89
user_0865,18,F,668302,Medium,0,11736.6
user_0866,61,F,1916030,Low,0,19832.06
user_0867,22,M,2029341,High,4,23658.68
user_0868,47,M,1327146,High,3,27554.29
user_0869,47,M,1658309,Low,3,19816.62
user_0870,34,M,2074847,High,1,19249.69
user_0871,65,F,1433572,High,5,37567.14
user_0872,64,F,1542721,High,2,33285.44
user_0873,40,F,611603,High,4,20823.21
user_0874,32,F,715863,Low,2,12431.73
user_0875,54,F,607365,Medium,2,19814.73
user_0876,38,F,1678608,Low,4,17357.22
user_0877,31,Other,1584209,Low,3,15668.42
user_0878,19,M,1122788,High,4,21845.58
user_0879,28,M,928791,Low,2,12857.58
user_0880,68,M,745194,Medium,5,29790.39
user_0881,56,F,301260,High,5,28502.52
user_0882,55,F,1893795,High,5,31687.59
user_0883,51,M,1351775,High,3,27603.55
user_0884,55,Other,476794,Low,0,12953.59
user_0885,67,M,1621466,Low,4,25242.93
user_0886,51,Other,2312750,Medium,5,27725.5
user_0887,35,M,2447252,Low,4,18894.5
user_0888,47,M,882877,Low,5,21265.75
user_0889,32,F,808521,Low,3,14117.04
user_0890,44,M,2330393,Medium,0,20260.79
user_0891,68,M,1301700,Medium,0,23403.4
user_0892,51,M,2205188,Low,5,23910.38
user_0893,69,F,1704642,Medium,3,28709.28
user_0894,55,F,1834339,Low,1,17168.68
user_0895,50,M,2399899,Low,4,22799.8
user_0896,41,F,2072424,Medium,4,25744.85
user_0897,32,F,1436092,Medium,2,16272.18
user_0898,47,M,1472236,Medium,3,23044.47
user_0899,59,M,1955546,Low,2,18911.09
user_0900,68,M,950350,High,5,36600.7
user_0901,34,M,1032477,Medium,2,15464.95
user_0902,22,F,267647,Medium,0,10935.29
user_0903,46,M,2433679,Medium,4,26467.36
user_0904,21,F,535477,High,2,17670.95
user_0905,27,F,1783523,Medium,0,13967.05
user_0906,34,M,1557640,Medium,3,18015.28
user_0907,27,F,102352,High,2,16804.7
user_0908,34,M,233004,Medium,5,18366.01
user_0909,37,Other,1681420,Medium,5,21262.84
user_0910,41,F,886261,Medium,5,24872.52
user_0911,22,F,150098,Low,4,14300.2
user_0912,51,F,2444351,Low,2,19888.7
user_0913,23,M,226060,Medium,3,15352.12
user_0914,19,F,1336530,High,2,19273.06
user_0915,30,Other,1874329,High,4,23348.66
user_0916,60,F,230544,Low,0,12461.09
user_0917,60,F,493574,Medium,4,22587.15
user_0918,65,F,971808,Low,5,25443.62
user_0919,28,M,1772795,High,0,17145.59
user_0920,68,M,2354103,High,5,39408.21
user_0921,64,F,662060,Medium,1,23624.12
user_0922,40,M,1207054,High,4,22014.11
user_0923,33,F,1606145,Medium,4,19612.29
user_0924,48,Other,1292931,Medium,3,22685.86
user_0925,28,M,1867858,Low,2,14735.72
user_0926,33,M,794780,Medium,0,11989.56
user_0927,25,F,971522,Medium,0,12343.04
user_0928,21,M,1955227,Medium,3,18810.45
user_0929,57,F,1642247,Low,3,19784.49
user_0930,21,M,277912,High,2,17155.82
user_0931,42,F,2372919,Low,5,24245.84
user_0932,20,M,2433433,Medium,2,18266.87
user_0933,49,F,2281906,Medium,4,26163.81
user_0934,20,F,702276,Medium,5,19304.55
user_0935,44,F,1600134,Medium,1,20300.27
user_0936,46,M,2347175,Low,2,19694.35
user_0937,49,F,1805243,Low,3,20110.49
user_0938,67,F,180388,Medium,5,28660.78
user_0939,68,M,339779,Medium,2,24479.56
user_0940,36,M,1004850,Low,0,10009.7
user_0941,38,M,2403998,Medium,1,16708.0
user_0942,22,F,794335,Medium,4,17988.67
user_0943,35,F,1135354,Medium,0,12670.71
user_0944,45,F,1280788,High,0,22961.58
user_0945,59,M,2194945,Low,1,17889.89
user_0946,39,M,2090922,Low,4,18181.84
user_0947,38,F,888140,Medium,3,16676.28
user_0948,23,F,2069710,Medium,5,22039.42
user_0949,18,Other,2121770,Medium,4,20643.54
user_0950,22,M,2223238,High,2,21046.48
user_0951,58,F,631972,High,0,21663.94
user_0952,29,M,1239664,High,2,19079.33
user_0953,43,M,494423,Medium,3,21088.85
user_0954,63,F,1718963,Medium,2,27237.93
user_0955,51,F,690381,Medium,4,22980.76
user_0956,66,Other,1309337,Low,2,21618.67
user_0957,31,M,1639600,Medium,3,18179.2
user_0958,43,M,989497,Low,3,18478.99
user_0959,62,F,2327503,High,3,36355.01
user_0960,44,F,138635,Medium,4,21877.27
user_0961,26,M,1243647,Medium,3,17387.29
user_0962,43,M,1516953,Low,0,15033.91
user_0963,64,M,990083,Low,3,22480.17
user_0964,39,F,521280,Low,2,12042.56
user_0965,64,M,1009245,Medium,5,30318.49
user_0966,47,M,441207,Low,2,15882.41
user_0967,60,M,1330746,Medium,5,25761.49
user_0968,65,M,2390378,High,2,34980.76
user_0969,34,M,692632,High,4,20985.26
user_0970,43,F,660881,Medium,2,19921.76
user_0971,53,M,660592,Low,4,19321.18
user_0972,18,F,1572178,High,4,22744.36
user_0973,25,M,1262189,High,3,20624.38
user_0974,66,F,1636081,Low,0,19272.16
user_0975,52,F,514299,Medium,5,24128.6
user_0976,69,F,1691218,Low,3,23882.44
user_0977,32,F,2481486,High,3,23062.97
user_0978,64,M,1331619,High,4,35863.24
user_0979,39,M,1299151,Low,4,16598.3
user_0980,31,F,225438,High,5,21550.88
user_0981,43,Other,2017043,Medium,2,22634.09
user_0982,45,F,1122892,High,2,25645.78
user_0983,40,F,2461680,Medium,3,19823.36
user_0984,31,F,1341968,High,1,17783.94
user_0985,41,F,2299391,Low,1,18098.78
user_0986,19,M,735719,Low,2,12471.44
user_0987,62,F,1713374,Low,1,20926.75
user_0988,43,Other,908258,High,2,25216.52
user_0989,31,M,430170,High,4,20460.34
user_0990,68,F,2318820,High,3,36337.64
user_0991,24,M,281948,High,0,14163.9
user_0992,20,F,1306751,Low,3,15113.5
user_0993,64,M,2447029,Low,2,23894.06
user_0994,40,F,1053692,Low,2,13107.38
user_0995,63,F,1285493,Low,3,23070.99
user_0996,60,M,317770,Low,5,20135.54
user_0997,64,F,742613,Medium,2,25285.23
user_0998,62,F,1461871,Low,1,20423.74
user_0999,35,Other,2083691,Low,1,13667.38
user_1000,55,M,1815880,Low,2,18631.76
